#
# A fatal error has been detected by the Java Runtime Environment:
#
#  SIGSEGV (0xb) at pc=0x000000019174ceb8, pid=15937, tid=127351
#
# JRE version: OpenJDK Runtime Environment Temurin-25+36 (25.0+36) (build 25+36-LTS)
# Java VM: OpenJDK 64-Bit Server VM Temurin-25+36 (25+36-LTS, mixed mode, sharing, tiered, compressed oops, compressed class ptrs, g1 gc, bsd-aarch64)
# Problematic frame:
# C  [CoreVideo+0x2eb8]  CVXTime::translateTime(CVTimeStamp const*, CVTimeStamp*) const+0x2c
#
# No core dump will be written. Core dumps have been disabled. To enable core dumping, try "ulimit -c unlimited" before starting Java again
#
# If you would like to submit a bug report, please visit:
#   https://github.com/adoptium/adoptium-support/issues
#

---------------  S U M M A R Y ------------

Command Line: --enable-preview -XX:+ShowCodeDetailsInExceptionMessages App

Host: "Mac14,2" arm64, 8 cores, 8G, Darwin 24.6.0, macOS 15.6.1 (24G90)
Time: Mon Mar  2 12:01:24 2026 EST elapsed time: 334.031568 seconds (0d 0h 5m 34s)

---------------  T H R E A D  ---------------

Current thread is native thread

Stack: [0x0000000172054000,0x00000001720d7000],  sp=0x00000001720d6c00,  free space=523k
Native frames: (J=compiled Java code, j=interpreted, Vv=VM code, C=native code)
C  [CoreVideo+0x2eb8]  CVXTime::translateTime(CVTimeStamp const*, CVTimeStamp*) const+0x2c
C  [CoreVideo+0x2c40]  CVDisplayLink::calculateNextWakeUpTime(CVTimeStamp*, CVTimeStamp*, bool)+0xdc
C  [CoreVideo+0x2284]  CVDisplayLink::runIOThread()+0x19c
C  [libsystem_pthread.dylib+0x6c0c]  _pthread_start+0x88

siginfo: si_signo: 11 (SIGSEGV), si_code: 2 (SEGV_ACCERR), si_addr: 0x00000000000001b8

Registers:
 x0=0x000000015d00e680  x1=0x00000001720d6d00  x2=0x00000001720d6e20  x3=0x0000000000000000
 x4=0x00000001f37283b8  x5=0x09e6eefc02041004  x6=0x0000000000000000  x7=0x0000000000000000
 x8=0x0000000000000000  x9=0x0000000000061a70 x10=0x000000a69c057950 x11=0x0000000000071790
x12=0x0000000000000000 x13=0x0200000110000240 x14=0x0000020000001000 x15=0x0200000010000220
x16=0x00000001f7a38d00 x17=0x67900001f7a38d00 x18=0x0000000000000000 x19=0x000000015d00e680
x20=0x00000001720d6e20 x21=0x00000001720d6d00 x22=0x00000001f39420d4 x23=0x0000000000000001
x24=0x000000a69c124be7 x25=0x0000000000000000 x26=0x000000015e53aa18 x27=0x00000001f39420f0
x28=0x0000000000000000  fp=0x00000001720d6c70  lr=0x000000019174cc40  sp=0x00000001720d6c00
pc=0x000000019174ceb8 cpsr=0x0000000080001000

Top of Stack: (sp=0x00000001720d6c00)
0x00000001720d6c00:   00000001f39419b8 0000000191764e08   .........Nv.....
0x00000001720d6c10:   0000000000061a70 0000000000000004   p...............
0x00000001720d6c20:   000000019174cc70 0000000191795f89   p.t......_y.....
0x00000001720d6c30:   00000001720d6c70 0000000191764d4c   pl.r....LMv.....
0x00000001720d6c40:   000000a69c124be7 0000000000000001   .K..............
0x00000001720d6c50:   00000001f39420d4 0000000000000000   . ..............
0x00000001720d6c60:   000000015e53a820 00000001720d6e20    .S^.... n.r....
0x00000001720d6c70:   00000001720d6e10 000000019174cc40   .n.r....@.t.....
0x00000001720d6c80:   000000015e53a820 0000000000000000    .S^............
0x00000001720d6c90:   000000a69c0e81c7 000000a69c0dac05   ................
0x00000001720d6ca0:   000000000000d5c2 0000000000061a70   ........p.......
0x00000001720d6cb0:   0000000000000000 00000001720d6ddf   .........m.r....
0x00000001720d6cc0:   00000001720d6dde 000000015d00e688   .m.r.......]....
0x00000001720d6cd0:   000000000000003c 0000000000000001   <...............
0x00000001720d6ce0:   000000015e53a838 0000000000000000   8.S^............
0x00000001720d6cf0:   00000001720d6d10 0000000187da649c   .m.r.....d......
0x00000001720d6d00:   016e360000000000 000000a69c0b93c0   .....6n.........
0x00000001720d6d10:   000000a69c0dac04 3ff0000000000000   ...............?
0x00000001720d6d20:   0000000000061a70 0000000000000000   p...............
0x00000001720d6d30:   0000000000000000 0000000000000000   ................
0x00000001720d6d40:   0000000000000001 0000000000000000   ................
0x00000001720d6d50:   0000000000000000 0000000000000000   ................
0x00000001720d6d60:   0000000000000000 0000000000000000   ................
0x00000001720d6d70:   0000000000000000 0000000000000002   ................
0x00000001720d6d80:   0000000000000000 00000001f39420e5   ......... ......
0x00000001720d6d90:   0000000000000000 0000000000000000   ................
0x00000001720d6da0:   00000001720d6dd0 0000000191764df8   .m.r.....Mv.....
0x00000001720d6db0:   0000000000000000 0000000000000000   ................
0x00000001720d6dc0:   0000000000000000 000000a69c118eff   ................
0x00000001720d6dd0:   00000001f39420f0 00000001720d6e7c   . ......|n.r....
0x00000001720d6de0:   00000001f39420d8 0000000000000003   . ..............
0x00000001720d6df0:   00000001f39420d4 00000001f39420e5   . ....... ......

Instructions: (pc=0x000000019174ceb8)
  0x000000019174cdb8:   80 1e 41 f9 a1 fd ff 97 80 1e 41 f9 b3 fd ff 97
  0x000000019174cdc8:   90 02 40 f9 f1 03 14 aa d1 59 e8 f2 30 1a c1 da
  0x000000019174cdd8:   08 8e 48 f8 e9 03 10 aa 81 82 07 91 e0 03 14 aa
  0x000000019174cde8:   f1 03 09 aa d1 df f5 f2 11 09 3f d7 9f 1a 01 f9
  0x000000019174cdf8:   90 02 40 f9 f1 03 14 aa d1 59 e8 f2 30 1a c1 da
  0x000000019174ce08:   08 8e 48 f8 e9 03 10 aa e0 03 14 aa e1 03 13 aa
  0x000000019174ce18:   f1 03 09 aa d1 df f5 f2 11 09 3f d7 fd 7b 59 a9
  0x000000019174ce28:   f4 4f 58 a9 f6 57 57 a9 f8 5f 56 a9 fa 67 55 a9
  0x000000019174ce38:   fc 6f 54 a9 e9 23 53 6d ff 83 06 91 ff 0f 5f d6
  0x000000019174ce48:   7f 23 03 d5 f6 57 bd a9 f4 4f 01 a9 fd 7b 02 a9
  0x000000019174ce58:   fd 83 00 91 f3 03 00 aa 00 60 00 91 bf 1e 01 94
  0x000000019174ce68:   74 d6 5b a9 60 62 00 91 c0 1e 01 94 e0 03 14 aa
  0x000000019174ce78:   e1 03 15 aa fd 7b 42 a9 f4 4f 41 a9 f6 57 c3 a8
  0x000000019174ce88:   ff 0f 5f d6 7f 23 03 d5 ff 03 02 d1 f8 5f 04 a9
  0x000000019174ce98:   f6 57 05 a9 f4 4f 06 a9 fd 7b 07 a9 fd c3 01 91
  0x000000019174cea8:   f4 03 02 aa f5 03 01 aa f3 03 00 aa 08 00 40 f9
=>0x000000019174ceb8:   17 d9 5b a9 20 80 c0 3c 28 20 40 f9 e8 0f 00 f9
  0x000000019174cec8:   e0 83 80 3c e0 03 00 f9 c1 02 00 d0 21 9c 3c 91
  0x000000019174ced8:   a0 00 80 52 8c 5f 00 94 80 82 c0 3c 88 22 40 f9
  0x000000019174cee8:   81 0e 40 fd 89 12 40 f9 8a 06 40 b9 e9 1b 00 f9
  0x000000019174cef8:   e1 17 00 fd e8 ab 01 a9 e0 83 80 3c f3 03 00 f9
  0x000000019174cf08:   c1 02 00 d0 21 c8 3d 91 a0 00 80 52 7e 5f 00 94
  0x000000019174cf18:   f7 db 00 a9 f3 03 00 f9 c1 02 00 d0 21 f0 3f 91
  0x000000019174cf28:   a0 00 80 52 78 5f 00 94 68 2e 40 f9 69 52 40 b9
  0x000000019174cf38:   e8 a7 00 a9 f3 03 00 f9 c1 02 00 f0 21 2c 01 91
  0x000000019174cf48:   a0 00 80 52 70 5f 00 94 60 26 40 fd 61 0a 40 fd
  0x000000019174cf58:   21 d8 61 7e e0 87 00 6d f3 03 00 f9 c1 02 00 f0
  0x000000019174cf68:   21 38 02 91 a0 00 80 52 67 5f 00 94 88 22 40 f9
  0x000000019174cf78:   48 03 00 36 a9 22 40 f9 89 00 00 37 a9 00 08 37
  0x000000019174cf88:   09 00 80 d2 14 00 00 14 a9 06 40 f9 12 00 00 14
  0x000000019174cf98:   a9 0a 40 f9 6a 2e 40 f9 4b 01 09 cb 60 01 63 9e
  0x000000019174cfa8:   00 40 61 1e 29 01 0a eb 21 01 63 9e 00 9c 61 1e



---------------  P R O C E S S  ---------------

VM state: not at safepoint (normal execution)

VM Mutex/Monitor currently owned by a thread: None

Heap address: 0x0000000780000000, size: 2048 MB, Compressed Oops mode: Zero based, Oop shift amount: 3

CDS archive(s) mapped at: [0x00001f0000000000-0x00001f0000d94000-0x00001f0000d94000), size 14237696, SharedBaseAddress: 0x00001f0000000000, ArchiveRelocationMode: 1.
Compressed class space mapped at: 0x00001f0001000000-0x00001f0041000000, reserved size: 1073741824
UseCompressedClassPointers 1, UseCompactObjectHeaders 0
Narrow klass pointer bits 32, Max shift 3
Narrow klass base: 0x00001f0000000000, Narrow klass shift: 0
Encoding Range: [0x00001f0000000000 - 0x00001f0100000000), (4294967296 bytes)
Klass Range:    [0x00001f0000004000 - 0x00001f0041000000), (1090502656 bytes)
Klass ID Range:  [16384 - 1090519033) (1090502649)
Protection zone: [0x00001f0000000000 - 0x00001f0000004000), (16384 bytes)

GC Precious Log:
<Skipped>

Heap:
 garbage-first heap   total reserved 2097152K, committed 133120K, used 48820K [0x0000000780000000, 0x0000000800000000)
  region size 1024K, 39 young (39936K), 3 survivors (3072K)

Heap Regions: E=young(eden), S=young(survivor), O=old, HS=humongous(starts), HC=humongous(continues), CS=collection set, F=free, TAMS=top-at-mark-start, PB=parsable bottom
|   0|0x0000000780000000, 0x0000000780100000, 0x0000000780100000|100%|HS|  |TAMS 0x0000000780000000| PB 0x0000000780000000| Complete |  0
|   1|0x0000000780100000, 0x0000000780200000, 0x0000000780200000|100%|HC|  |TAMS 0x0000000780100000| PB 0x0000000780100000| Complete |  0
|   2|0x0000000780200000, 0x0000000780300000, 0x0000000780300000|100%|HS|  |TAMS 0x0000000780200000| PB 0x0000000780200000| Complete |  0
|   3|0x0000000780300000, 0x0000000780400000, 0x0000000780400000|100%|HC|  |TAMS 0x0000000780300000| PB 0x0000000780300000| Complete |  0
|   4|0x0000000780400000, 0x0000000780500000, 0x0000000780500000|100%|HS|  |TAMS 0x0000000780400000| PB 0x0000000780400000| Complete |  1
|   5|0x0000000780500000, 0x0000000780600000, 0x0000000780600000|100%|HC|  |TAMS 0x0000000780500000| PB 0x0000000780500000| Complete |  0
|   6|0x0000000780600000, 0x0000000780700000, 0x0000000780700000|100%|HS|  |TAMS 0x0000000780600000| PB 0x0000000780600000| Complete |  0
|   7|0x0000000780700000, 0x0000000780800000, 0x0000000780800000|100%|HC|  |TAMS 0x0000000780700000| PB 0x0000000780700000| Complete |  0
|   8|0x0000000780800000, 0x0000000780800000, 0x0000000780900000|  0%| F|  |TAMS 0x0000000780800000| PB 0x0000000780800000| Untracked |  0
|   9|0x0000000780900000, 0x0000000780900000, 0x0000000780a00000|  0%| F|  |TAMS 0x0000000780900000| PB 0x0000000780900000| Untracked |  0
|  10|0x0000000780a00000, 0x0000000780a00000, 0x0000000780b00000|  0%| F|  |TAMS 0x0000000780a00000| PB 0x0000000780a00000| Untracked |  0
|  11|0x0000000780b00000, 0x0000000780b00000, 0x0000000780c00000|  0%| F|  |TAMS 0x0000000780b00000| PB 0x0000000780b00000| Untracked |  0
|  12|0x0000000780c00000, 0x0000000780c00000, 0x0000000780d00000|  0%| F|  |TAMS 0x0000000780c00000| PB 0x0000000780c00000| Untracked |  0
|  13|0x0000000780d00000, 0x0000000780d00000, 0x0000000780e00000|  0%| F|  |TAMS 0x0000000780d00000| PB 0x0000000780d00000| Untracked |  0
|  14|0x0000000780e00000, 0x0000000780e00000, 0x0000000780f00000|  0%| F|  |TAMS 0x0000000780e00000| PB 0x0000000780e00000| Untracked |  0
|  15|0x0000000780f00000, 0x0000000780f00000, 0x0000000781000000|  0%| F|  |TAMS 0x0000000780f00000| PB 0x0000000780f00000| Untracked |  0
|  16|0x0000000781000000, 0x0000000781000000, 0x0000000781100000|  0%| F|  |TAMS 0x0000000781000000| PB 0x0000000781000000| Untracked |  0
|  17|0x0000000781100000, 0x0000000781100000, 0x0000000781200000|  0%| F|  |TAMS 0x0000000781100000| PB 0x0000000781100000| Untracked |  0
|  18|0x0000000781200000, 0x0000000781200000, 0x0000000781300000|  0%| F|  |TAMS 0x0000000781200000| PB 0x0000000781200000| Untracked |  0
|  19|0x0000000781300000, 0x0000000781300000, 0x0000000781400000|  0%| F|  |TAMS 0x0000000781300000| PB 0x0000000781300000| Untracked |  0
|  20|0x0000000781400000, 0x0000000781400000, 0x0000000781500000|  0%| F|  |TAMS 0x0000000781400000| PB 0x0000000781400000| Untracked |  0
|  21|0x0000000781500000, 0x0000000781500000, 0x0000000781600000|  0%| F|  |TAMS 0x0000000781500000| PB 0x0000000781500000| Untracked |  0
|  22|0x0000000781600000, 0x0000000781600000, 0x0000000781700000|  0%| F|  |TAMS 0x0000000781600000| PB 0x0000000781600000| Untracked |  0
|  23|0x0000000781700000, 0x0000000781700000, 0x0000000781800000|  0%| F|  |TAMS 0x0000000781700000| PB 0x0000000781700000| Untracked |  0
|  24|0x0000000781800000, 0x0000000781800000, 0x0000000781900000|  0%| F|  |TAMS 0x0000000781800000| PB 0x0000000781800000| Untracked |  0
|  25|0x0000000781900000, 0x0000000781900000, 0x0000000781a00000|  0%| F|  |TAMS 0x0000000781900000| PB 0x0000000781900000| Untracked |  0
|  26|0x0000000781a00000, 0x0000000781a00000, 0x0000000781b00000|  0%| F|  |TAMS 0x0000000781a00000| PB 0x0000000781a00000| Untracked |  0
|  27|0x0000000781b00000, 0x0000000781b00000, 0x0000000781c00000|  0%| F|  |TAMS 0x0000000781b00000| PB 0x0000000781b00000| Untracked |  0
|  28|0x0000000781c00000, 0x0000000781c00000, 0x0000000781d00000|  0%| F|  |TAMS 0x0000000781c00000| PB 0x0000000781c00000| Untracked |  0
|  29|0x0000000781d00000, 0x0000000781d00000, 0x0000000781e00000|  0%| F|  |TAMS 0x0000000781d00000| PB 0x0000000781d00000| Untracked |  0
|  30|0x0000000781e00000, 0x0000000781e00000, 0x0000000781f00000|  0%| F|  |TAMS 0x0000000781e00000| PB 0x0000000781e00000| Untracked |  0
|  31|0x0000000781f00000, 0x0000000781f00000, 0x0000000782000000|  0%| F|  |TAMS 0x0000000781f00000| PB 0x0000000781f00000| Untracked |  0
|  32|0x0000000782000000, 0x0000000782000000, 0x0000000782100000|  0%| F|  |TAMS 0x0000000782000000| PB 0x0000000782000000| Untracked |  0
|  33|0x0000000782100000, 0x0000000782100000, 0x0000000782200000|  0%| F|  |TAMS 0x0000000782100000| PB 0x0000000782100000| Untracked |  0
|  34|0x0000000782200000, 0x0000000782200000, 0x0000000782300000|  0%| F|  |TAMS 0x0000000782200000| PB 0x0000000782200000| Untracked |  0
|  35|0x0000000782300000, 0x0000000782300000, 0x0000000782400000|  0%| F|  |TAMS 0x0000000782300000| PB 0x0000000782300000| Untracked |  0
|  36|0x0000000782400000, 0x0000000782400000, 0x0000000782500000|  0%| F|  |TAMS 0x0000000782400000| PB 0x0000000782400000| Untracked |  0
|  37|0x0000000782500000, 0x0000000782500000, 0x0000000782600000|  0%| F|  |TAMS 0x0000000782500000| PB 0x0000000782500000| Untracked |  0
|  38|0x0000000782600000, 0x0000000782600000, 0x0000000782700000|  0%| F|  |TAMS 0x0000000782600000| PB 0x0000000782600000| Untracked |  0
|  39|0x0000000782700000, 0x0000000782700000, 0x0000000782800000|  0%| F|  |TAMS 0x0000000782700000| PB 0x0000000782700000| Untracked |  0
|  40|0x0000000782800000, 0x0000000782800000, 0x0000000782900000|  0%| F|  |TAMS 0x0000000782800000| PB 0x0000000782800000| Untracked |  0
|  41|0x0000000782900000, 0x0000000782900000, 0x0000000782a00000|  0%| F|  |TAMS 0x0000000782900000| PB 0x0000000782900000| Untracked |  0
|  42|0x0000000782a00000, 0x0000000782a00000, 0x0000000782b00000|  0%| F|  |TAMS 0x0000000782a00000| PB 0x0000000782a00000| Untracked |  0
|  43|0x0000000782b00000, 0x0000000782b00000, 0x0000000782c00000|  0%| F|  |TAMS 0x0000000782b00000| PB 0x0000000782b00000| Untracked |  0
|  44|0x0000000782c00000, 0x0000000782c00000, 0x0000000782d00000|  0%| F|  |TAMS 0x0000000782c00000| PB 0x0000000782c00000| Untracked |  0
|  45|0x0000000782d00000, 0x0000000782d00000, 0x0000000782e00000|  0%| F|  |TAMS 0x0000000782d00000| PB 0x0000000782d00000| Untracked |  0
|  46|0x0000000782e00000, 0x0000000782e00000, 0x0000000782f00000|  0%| F|  |TAMS 0x0000000782e00000| PB 0x0000000782e00000| Untracked |  0
|  47|0x0000000782f00000, 0x0000000782f00000, 0x0000000783000000|  0%| F|  |TAMS 0x0000000782f00000| PB 0x0000000782f00000| Untracked |  0
|  48|0x0000000783000000, 0x0000000783000000, 0x0000000783100000|  0%| F|  |TAMS 0x0000000783000000| PB 0x0000000783000000| Untracked |  0
|  49|0x0000000783100000, 0x0000000783100000, 0x0000000783200000|  0%| F|  |TAMS 0x0000000783100000| PB 0x0000000783100000| Untracked |  0
|  50|0x0000000783200000, 0x0000000783200000, 0x0000000783300000|  0%| F|  |TAMS 0x0000000783200000| PB 0x0000000783200000| Untracked |  0
|  51|0x0000000783300000, 0x0000000783300000, 0x0000000783400000|  0%| F|  |TAMS 0x0000000783300000| PB 0x0000000783300000| Untracked |  0
|  52|0x0000000783400000, 0x000000078348d920, 0x0000000783500000| 55%| S|CS|TAMS 0x0000000783400000| PB 0x0000000783400000| Complete |  0
|  53|0x0000000783500000, 0x0000000783600000, 0x0000000783600000|100%| S|CS|TAMS 0x0000000783500000| PB 0x0000000783500000| Complete |  0
|  54|0x0000000783600000, 0x0000000783700000, 0x0000000783700000|100%| S|CS|TAMS 0x0000000783600000| PB 0x0000000783600000| Complete |  0
|  55|0x0000000783700000, 0x0000000783700000, 0x0000000783800000|  0%| F|  |TAMS 0x0000000783700000| PB 0x0000000783700000| Untracked |  0
|  56|0x0000000783800000, 0x0000000783800000, 0x0000000783900000|  0%| F|  |TAMS 0x0000000783800000| PB 0x0000000783800000| Untracked |  0
|  57|0x0000000783900000, 0x0000000783900000, 0x0000000783a00000|  0%| F|  |TAMS 0x0000000783900000| PB 0x0000000783900000| Untracked |  0
|  58|0x0000000783a00000, 0x0000000783a00000, 0x0000000783b00000|  0%| F|  |TAMS 0x0000000783a00000| PB 0x0000000783a00000| Untracked |  0
|  59|0x0000000783b00000, 0x0000000783b00000, 0x0000000783c00000|  0%| F|  |TAMS 0x0000000783b00000| PB 0x0000000783b00000| Untracked |  0
|  60|0x0000000783c00000, 0x0000000783c00000, 0x0000000783d00000|  0%| F|  |TAMS 0x0000000783c00000| PB 0x0000000783c00000| Untracked |  0
|  61|0x0000000783d00000, 0x0000000783d00000, 0x0000000783e00000|  0%| F|  |TAMS 0x0000000783d00000| PB 0x0000000783d00000| Untracked |  0
|  62|0x0000000783e00000, 0x0000000783e00000, 0x0000000783f00000|  0%| F|  |TAMS 0x0000000783e00000| PB 0x0000000783e00000| Untracked |  0
|  63|0x0000000783f00000, 0x0000000783f00000, 0x0000000784000000|  0%| F|  |TAMS 0x0000000783f00000| PB 0x0000000783f00000| Untracked |  0
|  64|0x0000000784000000, 0x0000000784000000, 0x0000000784100000|  0%| F|  |TAMS 0x0000000784000000| PB 0x0000000784000000| Untracked |  0
|  65|0x0000000784100000, 0x0000000784100000, 0x0000000784200000|  0%| F|  |TAMS 0x0000000784100000| PB 0x0000000784100000| Untracked |  0
|  66|0x0000000784200000, 0x0000000784200000, 0x0000000784300000|  0%| F|  |TAMS 0x0000000784200000| PB 0x0000000784200000| Untracked |  0
|  67|0x0000000784300000, 0x0000000784300000, 0x0000000784400000|  0%| F|  |TAMS 0x0000000784300000| PB 0x0000000784300000| Untracked |  0
|  68|0x0000000784400000, 0x0000000784400000, 0x0000000784500000|  0%| F|  |TAMS 0x0000000784400000| PB 0x0000000784400000| Untracked |  0
|  69|0x0000000784500000, 0x0000000784500000, 0x0000000784600000|  0%| F|  |TAMS 0x0000000784500000| PB 0x0000000784500000| Untracked |  0
|  70|0x0000000784600000, 0x0000000784600000, 0x0000000784700000|  0%| F|  |TAMS 0x0000000784600000| PB 0x0000000784600000| Untracked |  0
|  71|0x0000000784700000, 0x0000000784700000, 0x0000000784800000|  0%| F|  |TAMS 0x0000000784700000| PB 0x0000000784700000| Untracked |  0
|  72|0x0000000784800000, 0x0000000784800000, 0x0000000784900000|  0%| F|  |TAMS 0x0000000784800000| PB 0x0000000784800000| Untracked |  0
|  73|0x0000000784900000, 0x0000000784900000, 0x0000000784a00000|  0%| F|  |TAMS 0x0000000784900000| PB 0x0000000784900000| Untracked |  0
|  74|0x0000000784a00000, 0x0000000784a00000, 0x0000000784b00000|  0%| F|  |TAMS 0x0000000784a00000| PB 0x0000000784a00000| Untracked |  0
|  75|0x0000000784b00000, 0x0000000784b00000, 0x0000000784c00000|  0%| F|  |TAMS 0x0000000784b00000| PB 0x0000000784b00000| Untracked |  0
|  76|0x0000000784c00000, 0x0000000784c00000, 0x0000000784d00000|  0%| F|  |TAMS 0x0000000784c00000| PB 0x0000000784c00000| Untracked |  0
|  77|0x0000000784d00000, 0x0000000784d00000, 0x0000000784e00000|  0%| F|  |TAMS 0x0000000784d00000| PB 0x0000000784d00000| Untracked |  0
|  78|0x0000000784e00000, 0x0000000784e00000, 0x0000000784f00000|  0%| F|  |TAMS 0x0000000784e00000| PB 0x0000000784e00000| Untracked |  0
|  79|0x0000000784f00000, 0x0000000784f00000, 0x0000000785000000|  0%| F|  |TAMS 0x0000000784f00000| PB 0x0000000784f00000| Untracked |  0
|  80|0x0000000785000000, 0x0000000785000000, 0x0000000785100000|  0%| F|  |TAMS 0x0000000785000000| PB 0x0000000785000000| Untracked |  0
|  81|0x0000000785100000, 0x0000000785100000, 0x0000000785200000|  0%| F|  |TAMS 0x0000000785100000| PB 0x0000000785100000| Untracked |  0
|  82|0x0000000785200000, 0x0000000785200000, 0x0000000785300000|  0%| F|  |TAMS 0x0000000785200000| PB 0x0000000785200000| Untracked |  0
|  83|0x0000000785300000, 0x0000000785300000, 0x0000000785400000|  0%| F|  |TAMS 0x0000000785300000| PB 0x0000000785300000| Untracked |  0
|  84|0x0000000785400000, 0x0000000785400000, 0x0000000785500000|  0%| F|  |TAMS 0x0000000785400000| PB 0x0000000785400000| Untracked |  0
|  85|0x0000000785500000, 0x0000000785500000, 0x0000000785600000|  0%| F|  |TAMS 0x0000000785500000| PB 0x0000000785500000| Untracked |  0
|  86|0x0000000785600000, 0x0000000785600000, 0x0000000785700000|  0%| F|  |TAMS 0x0000000785600000| PB 0x0000000785600000| Untracked |  0
|  87|0x0000000785700000, 0x0000000785700000, 0x0000000785800000|  0%| F|  |TAMS 0x0000000785700000| PB 0x0000000785700000| Untracked |  0
|  88|0x0000000785800000, 0x0000000785800000, 0x0000000785900000|  0%| F|  |TAMS 0x0000000785800000| PB 0x0000000785800000| Untracked |  0
|  89|0x0000000785900000, 0x0000000785900000, 0x0000000785a00000|  0%| F|  |TAMS 0x0000000785900000| PB 0x0000000785900000| Untracked |  0
|  90|0x0000000785a00000, 0x0000000785a00000, 0x0000000785b00000|  0%| F|  |TAMS 0x0000000785a00000| PB 0x0000000785a00000| Untracked |  0
|  91|0x0000000785b00000, 0x0000000785b00000, 0x0000000785c00000|  0%| F|  |TAMS 0x0000000785b00000| PB 0x0000000785b00000| Untracked |  0
|  92|0x0000000785c00000, 0x0000000785d00000, 0x0000000785d00000|100%| E|  |TAMS 0x0000000785c00000| PB 0x0000000785c00000| Complete |  0
|  93|0x0000000785d00000, 0x0000000785e00000, 0x0000000785e00000|100%| E|CS|TAMS 0x0000000785d00000| PB 0x0000000785d00000| Complete |  0
|  94|0x0000000785e00000, 0x0000000785f00000, 0x0000000785f00000|100%| E|CS|TAMS 0x0000000785e00000| PB 0x0000000785e00000| Complete |  0
|  95|0x0000000785f00000, 0x0000000786000000, 0x0000000786000000|100%| E|CS|TAMS 0x0000000785f00000| PB 0x0000000785f00000| Complete |  0
|  96|0x0000000786000000, 0x0000000786100000, 0x0000000786100000|100%| E|CS|TAMS 0x0000000786000000| PB 0x0000000786000000| Complete |  0
|  97|0x0000000786100000, 0x0000000786200000, 0x0000000786200000|100%| E|CS|TAMS 0x0000000786100000| PB 0x0000000786100000| Complete |  0
|  98|0x0000000786200000, 0x0000000786300000, 0x0000000786300000|100%| E|CS|TAMS 0x0000000786200000| PB 0x0000000786200000| Complete |  0
|  99|0x0000000786300000, 0x0000000786400000, 0x0000000786400000|100%| E|CS|TAMS 0x0000000786300000| PB 0x0000000786300000| Complete |  0
| 100|0x0000000786400000, 0x0000000786500000, 0x0000000786500000|100%| E|CS|TAMS 0x0000000786400000| PB 0x0000000786400000| Complete |  0
| 101|0x0000000786500000, 0x0000000786600000, 0x0000000786600000|100%| E|CS|TAMS 0x0000000786500000| PB 0x0000000786500000| Complete |  0
| 102|0x0000000786600000, 0x0000000786700000, 0x0000000786700000|100%| E|CS|TAMS 0x0000000786600000| PB 0x0000000786600000| Complete |  0
| 103|0x0000000786700000, 0x0000000786800000, 0x0000000786800000|100%| E|CS|TAMS 0x0000000786700000| PB 0x0000000786700000| Complete |  0
| 104|0x0000000786800000, 0x0000000786900000, 0x0000000786900000|100%| E|CS|TAMS 0x0000000786800000| PB 0x0000000786800000| Complete |  0
| 105|0x0000000786900000, 0x0000000786a00000, 0x0000000786a00000|100%| E|CS|TAMS 0x0000000786900000| PB 0x0000000786900000| Complete |  0
| 106|0x0000000786a00000, 0x0000000786b00000, 0x0000000786b00000|100%| E|CS|TAMS 0x0000000786a00000| PB 0x0000000786a00000| Complete |  0
| 107|0x0000000786b00000, 0x0000000786c00000, 0x0000000786c00000|100%| E|CS|TAMS 0x0000000786b00000| PB 0x0000000786b00000| Complete |  0
| 108|0x0000000786c00000, 0x0000000786d00000, 0x0000000786d00000|100%| E|CS|TAMS 0x0000000786c00000| PB 0x0000000786c00000| Complete |  0
| 109|0x0000000786d00000, 0x0000000786e00000, 0x0000000786e00000|100%| E|CS|TAMS 0x0000000786d00000| PB 0x0000000786d00000| Complete |  0
| 110|0x0000000786e00000, 0x0000000786f00000, 0x0000000786f00000|100%| E|CS|TAMS 0x0000000786e00000| PB 0x0000000786e00000| Complete |  0
| 111|0x0000000786f00000, 0x0000000787000000, 0x0000000787000000|100%| E|CS|TAMS 0x0000000786f00000| PB 0x0000000786f00000| Complete |  0
| 112|0x0000000787000000, 0x0000000787100000, 0x0000000787100000|100%| E|CS|TAMS 0x0000000787000000| PB 0x0000000787000000| Complete |  0
| 113|0x0000000787100000, 0x0000000787200000, 0x0000000787200000|100%| E|CS|TAMS 0x0000000787100000| PB 0x0000000787100000| Complete |  0
| 114|0x0000000787200000, 0x0000000787300000, 0x0000000787300000|100%| E|CS|TAMS 0x0000000787200000| PB 0x0000000787200000| Complete |  0
| 115|0x0000000787300000, 0x0000000787400000, 0x0000000787400000|100%| E|CS|TAMS 0x0000000787300000| PB 0x0000000787300000| Complete |  0
| 116|0x0000000787400000, 0x0000000787500000, 0x0000000787500000|100%| E|CS|TAMS 0x0000000787400000| PB 0x0000000787400000| Complete |  0
| 117|0x0000000787500000, 0x0000000787600000, 0x0000000787600000|100%| E|CS|TAMS 0x0000000787500000| PB 0x0000000787500000| Complete |  0
| 118|0x0000000787600000, 0x0000000787700000, 0x0000000787700000|100%| E|CS|TAMS 0x0000000787600000| PB 0x0000000787600000| Complete |  0
| 119|0x0000000787700000, 0x0000000787800000, 0x0000000787800000|100%| E|CS|TAMS 0x0000000787700000| PB 0x0000000787700000| Complete |  0
| 120|0x0000000787800000, 0x0000000787900000, 0x0000000787900000|100%| E|CS|TAMS 0x0000000787800000| PB 0x0000000787800000| Complete |  0
| 121|0x0000000787900000, 0x0000000787a00000, 0x0000000787a00000|100%| E|CS|TAMS 0x0000000787900000| PB 0x0000000787900000| Complete |  0
| 122|0x0000000787a00000, 0x0000000787b00000, 0x0000000787b00000|100%| E|CS|TAMS 0x0000000787a00000| PB 0x0000000787a00000| Complete |  0
| 123|0x0000000787b00000, 0x0000000787c00000, 0x0000000787c00000|100%| E|CS|TAMS 0x0000000787b00000| PB 0x0000000787b00000| Complete |  0
| 124|0x0000000787c00000, 0x0000000787d00000, 0x0000000787d00000|100%| E|CS|TAMS 0x0000000787c00000| PB 0x0000000787c00000| Complete |  0
| 125|0x0000000787d00000, 0x0000000787e00000, 0x0000000787e00000|100%| E|CS|TAMS 0x0000000787d00000| PB 0x0000000787d00000| Complete |  0
| 126|0x0000000787e00000, 0x0000000787f00000, 0x0000000787f00000|100%| E|CS|TAMS 0x0000000787e00000| PB 0x0000000787e00000| Complete |  0
| 127|0x0000000787f00000, 0x0000000788000000, 0x0000000788000000|100%| E|CS|TAMS 0x0000000787f00000| PB 0x0000000787f00000| Complete |  0
|2046|0x00000007ffe00000, 0x00000007fff00000, 0x00000007fff00000|100%| O|  |TAMS 0x00000007ffe00000| PB 0x00000007ffe00000| Untracked |  0
|2047|0x00000007fff00000, 0x00000007fff1f8f8, 0x0000000800000000| 12%| O|  |TAMS 0x00000007fff00000| PB 0x00000007fff00000| Untracked |  0

Card table byte_map: [0x00000001057b0000,0x0000000105bb0000] _byte_map_base: 0x0000000101bb0000

Marking Bits: (CMBitMap*) 0x000000015c830010
 Bits: [0x000000011ef48000, 0x0000000120f48000)

Polling page: 0x0000000100dfc000

Metaspace:
Metaspace        used 12587K, committed 12992K, reserved 1114112K
 class space     used 1068K, committed 1216K, reserved 1048576K

Usage:
  Non-class:     11.25 MB used.
      Class:      1.04 MB used.
       Both:     12.29 MB used.

Virtual space:
  Non-class space:       64.00 MB reserved,      11.50 MB ( 18%) committed,  1 nodes.
      Class space:        1.00 GB reserved,       1.19 MB ( <1%) committed,  1 nodes.
             Both:        1.06 GB reserved,      12.69 MB (  1%) committed. 

Chunk freelists:
   Non-Class:  4.36 MB
       Class:  14.63 MB
        Both:  18.99 MB

MaxMetaspaceSize: unlimited
CompressedClassSpaceSize: 1.00 GB
Initial GC threshold: 21.00 MB
Current GC threshold: 21.00 MB
CDS: on
 - commit_granule_bytes: 65536.
 - commit_granule_words: 8192.
 - virtual_space_node_default_size: 8388608.
 - enlarge_chunks_in_place: 1.
UseCompressedClassPointers 1, UseCompactObjectHeaders 0
Narrow klass pointer bits 32, Max shift 3
Narrow klass base: 0x00001f0000000000, Narrow klass shift: 0
Encoding Range: [0x00001f0000000000 - 0x00001f0100000000), (4294967296 bytes)
Klass Range:    [0x00001f0000004000 - 0x00001f0041000000), (1090502656 bytes)
Klass ID Range:  [16384 - 1090519033) (1090502649)
Protection zone: [0x00001f0000000000 - 0x00001f0000004000), (16384 bytes)


Internal statistics:

num_allocs_failed_limit: 0.
num_arena_births: 512.
num_arena_deaths: 0.
num_vsnodes_births: 2.
num_vsnodes_deaths: 0.
num_space_committed: 203.
num_space_uncommitted: 0.
num_chunks_returned_to_freelist: 0.
num_chunks_taken_from_freelist: 601.
num_chunk_merges: 0.
num_chunk_splits: 427.
num_chunks_enlarged: 278.
num_inconsistent_stats: 0.

CodeHeap 'non-profiled nmethods': size=120048Kb used=1290Kb max_used=1290Kb free=118757Kb
 bounds [0x0000000117a0c000, 0x0000000117c7c000, 0x000000011ef48000]
CodeHeap 'profiled nmethods': size=120016Kb used=4944Kb max_used=4944Kb free=115071Kb
 bounds [0x000000010ff48000, 0x0000000110428000, 0x000000011747c000]
CodeHeap 'non-nmethods': size=5696Kb used=1569Kb max_used=1699Kb free=4126Kb
 bounds [0x000000011747c000, 0x00000001176ec000, 0x0000000117a0c000]
CodeCache: size=245760Kb, used=7803Kb, max_used=7933Kb, free=237954Kb
 total_blobs=4104, nmethods=3284, adapters=717, full_count=0
Compilation: enabled, stopped_count=0, restarted_count=0

Compilation events (20 events):
Event: 129.982 Thread 0x000000015c889600 17219       4       processing.core.PApplet::handleDraw (371 bytes)
Event: 130.128 Thread 0x000000015c889600 nmethod 17219 0x0000000117b48788 code [0x0000000117b488c0, 0x0000000117b4bf48]
Event: 130.132 Thread 0x000000015c889600 17220       4       processing.awt.PGraphicsJava2D::beginDraw (89 bytes)
Event: 130.161 Thread 0x000000015c889600 nmethod 17220 0x0000000117b4c048 code [0x0000000117b4c140, 0x0000000117b4d720]
Event: 130.161 Thread 0x000000015c889600 17221       4       processing.awt.PGraphicsJava2D::checkImage (126 bytes)
Event: 130.167 Thread 0x000000015c889600 nmethod 17221 0x0000000117b4d7c8 code [0x0000000117b4d8c0, 0x0000000117b4dbe8]
Event: 130.167 Thread 0x000000015c889600 17222       4       processing.awt.PGraphicsJava2D::handleSmooth (142 bytes)
Event: 130.170 Thread 0x000000015c889600 nmethod 17222 0x0000000117b4dc48 code [0x0000000117b4dd40, 0x0000000117b4dfc8]
Event: 147.674 Thread 0x000000015c889600 19167       4       CardGame::updateEndGameAnimation (386 bytes)
Event: 147.675 Thread 0x000000015c889600 nmethod 19167 0x0000000117b4e048 code [0x0000000117b4e140, 0x0000000117b4e218]
Event: 147.675 Thread 0x000000015c889600 19169       4       CardGame::getDeckSize (19 bytes)
Event: 147.676 Thread 0x000000015c889600 nmethod 19169 0x0000000117b4e248 code [0x0000000117b4e340, 0x0000000117b4e3f8]
Event: 147.676 Thread 0x000000015c889600 19170       4       CardGame::getWinner (71 bytes)
Event: 147.676 Thread 0x000000015c889600 nmethod 19170 0x0000000117b4e408 code [0x0000000117b4e500, 0x0000000117b4e5c0]
Event: 263.715 Thread 0x000000015c88a000 31761 %s!   3       sun.java2d.metal.MTLRenderQueue$QueueFlusher::run @ 2 (234 bytes)
Event: 263.718 Thread 0x000000015c88a000 nmethod 31761% 0x0000000110416e48 code [0x0000000110416f40, 0x0000000110419908]
Event: 267.982 Thread 0x000000015c88a000 32248  s!   3       sun.java2d.metal.MTLRenderQueue$QueueFlusher::run (234 bytes)
Event: 267.984 Thread 0x000000015c88a000 nmethod 32248 0x0000000110419948 code [0x0000000110419a40, 0x000000011041c328]
Event: 320.354 Thread 0x000000015c889600 38117       4       java.util.concurrent.locks.LockSupport::setBlocker (12 bytes)
Event: 320.386 Thread 0x000000015c889600 nmethod 38117 0x0000000117b4e608 code [0x0000000117b4e700, 0x0000000117b4e840]

GC Heap Usage History (20 events):
Event: 7.542 {heap Before GC invocations=0 (full 0):
 garbage-first heap   total reserved 2097152K, committed 133120K, used 57470K [0x0000000780000000, 0x0000000800000000)
  region size 1024K, 47 young (48128K), 0 survivors (0K)
}
Event: 7.546 {heap After GC invocations=1 (full 0):
 garbage-first heap   total reserved 2097152K, committed 133120K, used 12062K [0x0000000780000000, 0x0000000800000000)
  region size 1024K, 3 young (3072K), 3 survivors (3072K)
}
Event: 32.316 {heap Before GC invocations=1 (full 0):
 garbage-first heap   total reserved 2097152K, committed 133120K, used 69406K [0x0000000780000000, 0x0000000800000000)
  region size 1024K, 57 young (58368K), 3 survivors (3072K)
}
Event: 32.319 {heap After GC invocations=2 (full 0):
 garbage-first heap   total reserved 2097152K, committed 133120K, used 9981K [0x0000000780000000, 0x0000000800000000)
  region size 1024K, 3 young (3072K), 3 survivors (3072K)
}
Event: 66.476 {heap Before GC invocations=2 (full 0):
 garbage-first heap   total reserved 2097152K, committed 133120K, used 86781K [0x0000000780000000, 0x0000000800000000)
  region size 1024K, 76 young (77824K), 3 survivors (3072K)
}
Event: 66.481 {heap After GC invocations=3 (full 0):
 garbage-first heap   total reserved 2097152K, committed 133120K, used 10052K [0x0000000780000000, 0x0000000800000000)
  region size 1024K, 3 young (3072K), 3 survivors (3072K)
}
Event: 103.818 {heap Before GC invocations=3 (full 0):
 garbage-first heap   total reserved 2097152K, committed 133120K, used 86852K [0x0000000780000000, 0x0000000800000000)
  region size 1024K, 76 young (77824K), 3 survivors (3072K)
}
Event: 103.850 {heap After GC invocations=4 (full 0):
 garbage-first heap   total reserved 2097152K, committed 133120K, used 10176K [0x0000000780000000, 0x0000000800000000)
  region size 1024K, 3 young (3072K), 3 survivors (3072K)
}
Event: 139.249 {heap Before GC invocations=4 (full 0):
 garbage-first heap   total reserved 2097152K, committed 133120K, used 86976K [0x0000000780000000, 0x0000000800000000)
  region size 1024K, 76 young (77824K), 3 survivors (3072K)
}
Event: 139.286 {heap After GC invocations=5 (full 0):
 garbage-first heap   total reserved 2097152K, committed 133120K, used 10113K [0x0000000780000000, 0x0000000800000000)
  region size 1024K, 3 young (3072K), 3 survivors (3072K)
}
Event: 177.310 {heap Before GC invocations=5 (full 0):
 garbage-first heap   total reserved 2097152K, committed 133120K, used 86913K [0x0000000780000000, 0x0000000800000000)
  region size 1024K, 76 young (77824K), 3 survivors (3072K)
}
Event: 177.315 {heap After GC invocations=6 (full 0):
 garbage-first heap   total reserved 2097152K, committed 133120K, used 10065K [0x0000000780000000, 0x0000000800000000)
  region size 1024K, 3 young (3072K), 3 survivors (3072K)
}
Event: 212.888 {heap Before GC invocations=6 (full 0):
 garbage-first heap   total reserved 2097152K, committed 133120K, used 86865K [0x0000000780000000, 0x0000000800000000)
  region size 1024K, 76 young (77824K), 3 survivors (3072K)
}
Event: 212.893 {heap After GC invocations=7 (full 0):
 garbage-first heap   total reserved 2097152K, committed 133120K, used 10366K [0x0000000780000000, 0x0000000800000000)
  region size 1024K, 3 young (3072K), 3 survivors (3072K)
}
Event: 247.594 {heap Before GC invocations=7 (full 0):
 garbage-first heap   total reserved 2097152K, committed 133120K, used 87166K [0x0000000780000000, 0x0000000800000000)
  region size 1024K, 76 young (77824K), 3 survivors (3072K)
}
Event: 247.604 {heap After GC invocations=8 (full 0):
 garbage-first heap   total reserved 2097152K, committed 133120K, used 10070K [0x0000000780000000, 0x0000000800000000)
  region size 1024K, 3 young (3072K), 3 survivors (3072K)
}
Event: 282.170 {heap Before GC invocations=8 (full 0):
 garbage-first heap   total reserved 2097152K, committed 133120K, used 86870K [0x0000000780000000, 0x0000000800000000)
  region size 1024K, 76 young (77824K), 3 survivors (3072K)
}
Event: 282.174 {heap After GC invocations=9 (full 0):
 garbage-first heap   total reserved 2097152K, committed 133120K, used 10103K [0x0000000780000000, 0x0000000800000000)
  region size 1024K, 3 young (3072K), 3 survivors (3072K)
}
Event: 316.880 {heap Before GC invocations=9 (full 0):
 garbage-first heap   total reserved 2097152K, committed 133120K, used 86903K [0x0000000780000000, 0x0000000800000000)
  region size 1024K, 76 young (77824K), 3 survivors (3072K)
}
Event: 316.894 {heap After GC invocations=10 (full 0):
 garbage-first heap   total reserved 2097152K, committed 133120K, used 9908K [0x0000000780000000, 0x0000000800000000)
  region size 1024K, 3 young (3072K), 3 survivors (3072K)
}

Metaspace Usage History (20 events):
Event: 7.542 {metaspace Before GC invocations=0 (full 0):
 Metaspace       used 12431K, committed 12864K, reserved 1114112K
  class space    used 1053K, committed 1216K, reserved 1048576K
}
Event: 7.546 {metaspace After GC invocations=1 (full 0):
 Metaspace       used 12431K, committed 12864K, reserved 1114112K
  class space    used 1053K, committed 1216K, reserved 1048576K
}
Event: 32.316 {metaspace Before GC invocations=1 (full 0):
 Metaspace       used 12579K, committed 12992K, reserved 1114112K
  class space    used 1068K, committed 1216K, reserved 1048576K
}
Event: 32.319 {metaspace After GC invocations=2 (full 0):
 Metaspace       used 12579K, committed 12992K, reserved 1114112K
  class space    used 1068K, committed 1216K, reserved 1048576K
}
Event: 66.476 {metaspace Before GC invocations=2 (full 0):
 Metaspace       used 12581K, committed 12992K, reserved 1114112K
  class space    used 1068K, committed 1216K, reserved 1048576K
}
Event: 66.481 {metaspace After GC invocations=3 (full 0):
 Metaspace       used 12581K, committed 12992K, reserved 1114112K
  class space    used 1068K, committed 1216K, reserved 1048576K
}
Event: 103.818 {metaspace Before GC invocations=3 (full 0):
 Metaspace       used 12584K, committed 12992K, reserved 1114112K
  class space    used 1068K, committed 1216K, reserved 1048576K
}
Event: 103.850 {metaspace After GC invocations=4 (full 0):
 Metaspace       used 12584K, committed 12992K, reserved 1114112K
  class space    used 1068K, committed 1216K, reserved 1048576K
}
Event: 139.249 {metaspace Before GC invocations=4 (full 0):
 Metaspace       used 12584K, committed 12992K, reserved 1114112K
  class space    used 1068K, committed 1216K, reserved 1048576K
}
Event: 139.286 {metaspace After GC invocations=5 (full 0):
 Metaspace       used 12584K, committed 12992K, reserved 1114112K
  class space    used 1068K, committed 1216K, reserved 1048576K
}
Event: 177.310 {metaspace Before GC invocations=5 (full 0):
 Metaspace       used 12584K, committed 12992K, reserved 1114112K
  class space    used 1068K, committed 1216K, reserved 1048576K
}
Event: 177.315 {metaspace After GC invocations=6 (full 0):
 Metaspace       used 12584K, committed 12992K, reserved 1114112K
  class space    used 1068K, committed 1216K, reserved 1048576K
}
Event: 212.888 {metaspace Before GC invocations=6 (full 0):
 Metaspace       used 12584K, committed 12992K, reserved 1114112K
  class space    used 1068K, committed 1216K, reserved 1048576K
}
Event: 212.893 {metaspace After GC invocations=7 (full 0):
 Metaspace       used 12584K, committed 12992K, reserved 1114112K
  class space    used 1068K, committed 1216K, reserved 1048576K
}
Event: 247.594 {metaspace Before GC invocations=7 (full 0):
 Metaspace       used 12584K, committed 12992K, reserved 1114112K
  class space    used 1068K, committed 1216K, reserved 1048576K
}
Event: 247.604 {metaspace After GC invocations=8 (full 0):
 Metaspace       used 12584K, committed 12992K, reserved 1114112K
  class space    used 1068K, committed 1216K, reserved 1048576K
}
Event: 282.170 {metaspace Before GC invocations=8 (full 0):
 Metaspace       used 12587K, committed 12992K, reserved 1114112K
  class space    used 1068K, committed 1216K, reserved 1048576K
}
Event: 282.174 {metaspace After GC invocations=9 (full 0):
 Metaspace       used 12587K, committed 12992K, reserved 1114112K
  class space    used 1068K, committed 1216K, reserved 1048576K
}
Event: 316.880 {metaspace Before GC invocations=9 (full 0):
 Metaspace       used 12587K, committed 12992K, reserved 1114112K
  class space    used 1068K, committed 1216K, reserved 1048576K
}
Event: 316.894 {metaspace After GC invocations=10 (full 0):
 Metaspace       used 12587K, committed 12992K, reserved 1114112K
  class space    used 1068K, committed 1216K, reserved 1048576K
}

Dll operation events (13 events):
Event: 0.005 Loaded shared library /Library/Java/JavaVirtualMachines/temurin-25.jdk/Contents/Home/lib/libjava.dylib
Event: 0.023 Loaded shared library /Library/Java/JavaVirtualMachines/temurin-25.jdk/Contents/Home/lib/libnio.dylib
Event: 0.027 Loaded shared library /Library/Java/JavaVirtualMachines/temurin-25.jdk/Contents/Home/lib/libzip.dylib
Event: 0.047 Loaded shared library /Library/Java/JavaVirtualMachines/temurin-25.jdk/Contents/Home/lib/libjimage.dylib
Event: 0.048 Loaded shared library /Library/Java/JavaVirtualMachines/temurin-25.jdk/Contents/Home/lib/libawt.dylib
Event: 0.050 Loaded shared library /Library/Java/JavaVirtualMachines/temurin-25.jdk/Contents/Home/lib/libawt_lwawt.dylib
Event: 0.056 Loaded shared library /Library/Java/JavaVirtualMachines/temurin-25.jdk/Contents/Home/lib/libfontmanager.dylib
Event: 0.200 Loaded shared library /Library/Java/JavaVirtualMachines/temurin-25.jdk/Contents/Home/lib/libnet.dylib
Event: 0.351 Loaded shared library /private/var/folders/jm/2wk6x5v562z51nc9xkw74z7h0000gn/T/processing701935888312645269different/libDifferent.jnilib
Event: 0.390 Loaded shared library /Library/Java/JavaVirtualMachines/temurin-25.jdk/Contents/Home/lib/libosxui.dylib
Event: 0.436 Loaded shared library /Library/Java/JavaVirtualMachines/temurin-25.jdk/Contents/Home/lib/libmanagement.dylib
Event: 0.438 Loaded shared library /Library/Java/JavaVirtualMachines/temurin-25.jdk/Contents/Home/lib/libmanagement_ext.dylib
Event: 0.586 Loaded shared library /Library/Java/JavaVirtualMachines/temurin-25.jdk/Contents/Home/lib/libsyslookup.dylib

Deoptimization events (20 events):
Event: 7.546 Thread 0x000000015cb13c00 DEOPT PACKING pc=0x0000000117aa530c sp=0x00000001722e2150
Event: 7.546 Thread 0x000000015cb13c00 DEOPT UNPACKING pc=0x000000011758d49c sp=0x00000001722e2010 mode 2
Event: 7.546 Thread 0x000000015cb13c00 Uncommon trap: trap_request=0xffffff45 fr.pc=0x0000000117a685b8 relative=0x00000000000000b8
Event: 7.546 Thread 0x000000015cb13c00 Uncommon trap: reason=unstable_if action=reinterpret pc=0x0000000117a685b8 method=java.lang.ref.SoftReference.get()Ljava/lang/Object; @ 17 c2
Event: 7.546 Thread 0x000000015cb13c00 DEOPT PACKING pc=0x0000000117a685b8 sp=0x00000001722e1de0
Event: 7.546 Thread 0x000000015cb13c00 DEOPT UNPACKING pc=0x000000011758d49c sp=0x00000001722e1d60 mode 2
Event: 7.546 Thread 0x000000015cb13c00 Uncommon trap: trap_request=0xffffff45 fr.pc=0x0000000117a9d728 relative=0x0000000000000b68
Event: 7.546 Thread 0x000000015cb13c00 Uncommon trap: reason=unstable_if action=reinterpret pc=0x0000000117a9d728 method=java.lang.ref.SoftReference.get()Ljava/lang/Object; @ 17 c2
Event: 7.546 Thread 0x000000015cb13c00 DEOPT PACKING pc=0x0000000117a9d728 sp=0x00000001722e1de0
Event: 7.546 Thread 0x000000015cb13c00 DEOPT UNPACKING pc=0x000000011758d49c sp=0x00000001722e1c50 mode 2
Event: 7.546 Thread 0x000000015cb13c00 Uncommon trap: trap_request=0xffffff45 fr.pc=0x0000000117aa2804 relative=0x0000000000000844
Event: 7.546 Thread 0x000000015cb13c00 Uncommon trap: reason=unstable_if action=reinterpret pc=0x0000000117aa2804 method=java.lang.ref.SoftReference.get()Ljava/lang/Object; @ 17 c2
Event: 7.546 Thread 0x000000015cb13c00 DEOPT PACKING pc=0x0000000117aa2804 sp=0x00000001722e1d80
Event: 7.546 Thread 0x000000015cb13c00 DEOPT UNPACKING pc=0x000000011758d49c sp=0x00000001722e1ca0 mode 2
Event: 7.556 Thread 0x000000015cb13c00 Uncommon trap: trap_request=0xffffff45 fr.pc=0x0000000117a9a290 relative=0x0000000000000b50
Event: 7.556 Thread 0x000000015cb13c00 Uncommon trap: reason=unstable_if action=reinterpret pc=0x0000000117a9a290 method=java.lang.ref.SoftReference.get()Ljava/lang/Object; @ 17 c2
Event: 7.556 Thread 0x000000015cb13c00 DEOPT PACKING pc=0x0000000117a9a290 sp=0x00000001722e2160
Event: 7.556 Thread 0x000000015cb13c00 DEOPT UNPACKING pc=0x000000011758d49c sp=0x00000001722e1f50 mode 2
Event: 17.007 Thread 0x000000015cb13c00 DEOPT PACKING pc=0x00000001102b3734 sp=0x00000001722e1d00
Event: 17.007 Thread 0x000000015cb13c00 DEOPT UNPACKING pc=0x00000001174b90bc sp=0x00000001722e19e0 mode 0

Classes loaded (20 events):
Event: 1.956 Loading class java/lang/FdLibm$Acos
Event: 1.956 Loading class java/lang/FdLibm$Acos done
Event: 7.092 Loading class java/awt/font/NumericShaper
Event: 7.092 Loading class java/awt/font/NumericShaper done
Event: 9.914 Loading class javax/swing/JInternalFrame
Event: 9.916 Loading class javax/swing/JInternalFrame done
Event: 9.916 Loading class javax/swing/JMenu
Event: 9.916 Loading class javax/swing/MenuElement
Event: 9.916 Loading class javax/swing/MenuElement done
Event: 9.916 Loading class javax/swing/JMenuItem
Event: 9.916 Loading class javax/swing/AbstractButton
Event: 9.916 Loading class java/awt/ItemSelectable
Event: 9.916 Loading class java/awt/ItemSelectable done
Event: 9.917 Loading class javax/swing/AbstractButton done
Event: 9.917 Loading class javax/swing/JMenuItem done
Event: 9.917 Loading class javax/swing/JMenu done
Event: 46.266 Loading class java/awt/image/BufferedImageOp
Event: 46.266 Loading class java/awt/image/BufferedImageOp done
Event: 92.265 Loading class java/util/concurrent/locks/AbstractQueuedLongSynchronizer$Node
Event: 92.267 Loading class java/util/concurrent/locks/AbstractQueuedLongSynchronizer$Node done

Classes unloaded (0 events):
No events

Classes redefined (0 events):
No events

Internal exceptions (20 events):
Event: 0.620 Thread 0x000000015cb13c00 Exception <a 'java/lang/NoSuchMethodError'{0x0000000786b539f8}: 'void java.lang.invoke.Invokers$Holder.exactInvoker(java.lang.Object, java.lang.Object, int, int, int, float, float, float, int, int, long, long)'> (0x0000000786b539f8) 
thrown [src/hotspot/share/interpreter/linkResolver.cpp, line 804]
Event: 0.620 Thread 0x000000015cb13c00 Exception <a 'java/lang/NoSuchMethodError'{0x0000000786b5c430}: 'void java.lang.invoke.DelegatingMethodHandle$Holder.delegate(java.lang.Object, java.lang.Object, int, int, int, float, float, float, int, int, long, long)'> (0x0000000786b5c430) 
thrown [src/hotspot/share/interpreter/linkResolver.cpp, line 804]
Event: 0.620 Thread 0x000000015cb13c00 Exception <a 'java/lang/NoSuchMethodError'{0x0000000786b7d8b8}: 'long java.lang.invoke.DelegatingMethodHandle$Holder.reinvoke_L(java.lang.Object, java.lang.Object, long, long)'> (0x0000000786b7d8b8) 
thrown [src/hotspot/share/interpreter/linkResolver.cpp, line 804]
Event: 0.621 Thread 0x000000015cb13c00 Exception <a 'java/lang/NoSuchMethodError'{0x0000000786bab688}: 'java.lang.Object java.lang.invoke.DirectMethodHandle$Holder.invokeStatic(java.lang.Object, java.lang.Object, java.lang.Object, long, java.lang.Object)'> (0x0000000786bab688) 
thrown [src/hotspot/share/interpreter/linkResolver.cpp, line 804]
Event: 0.622 Thread 0x000000015cb13c00 Exception <a 'java/lang/NoSuchMethodError'{0x0000000786bd2308}: 'java.lang.Object java.lang.invoke.DirectMethodHandle$Holder.invokeStatic(java.lang.Object, java.lang.Object, int)'> (0x0000000786bd2308) 
thrown [src/hotspot/share/interpreter/linkResolver.cpp, line 804]
Event: 0.622 Thread 0x000000015cb13c00 Exception <a 'java/lang/NoSuchMethodError'{0x0000000786bf36c8}: 'void java.lang.invoke.DelegatingMethodHandle$Holder.delegate(java.lang.Object, java.lang.Object, int, java.lang.Object)'> (0x0000000786bf36c8) 
thrown [src/hotspot/share/interpreter/linkResolver.cpp, line 804]
Event: 0.625 Thread 0x000000015cb13c00 Exception <a 'java/lang/NoSuchMethodError'{0x0000000786a33a08}: 'int java.lang.invoke.DirectMethodHandle$Holder.invokeSpecial(java.lang.Object, java.lang.Object, java.lang.Object, int, java.lang.Object)'> (0x0000000786a33a08) 
thrown [src/hotspot/share/interpreter/linkResolver.cpp, line 804]
Event: 0.625 Thread 0x000000015cb13c00 Exception <a 'java/lang/NoSuchMethodError'{0x0000000786a3bb90}: 'int java.lang.invoke.DelegatingMethodHandle$Holder.reinvoke_L(java.lang.Object, java.lang.Object, int, java.lang.Object)'> (0x0000000786a3bb90) 
thrown [src/hotspot/share/interpreter/linkResolver.cpp, line 804]
Event: 0.626 Thread 0x000000015cb13c00 Exception <a 'java/lang/NoSuchMethodError'{0x0000000786a661e0}: 'int java.lang.invoke.DelegatingMethodHandle$Holder.reinvoke_L(java.lang.Object, java.lang.Object, int, long)'> (0x0000000786a661e0) 
thrown [src/hotspot/share/interpreter/linkResolver.cpp, line 804]
Event: 0.626 Thread 0x000000015cb13c00 Exception <a 'java/lang/NoSuchMethodError'{0x0000000786a765d0}: 'int java.lang.invoke.DirectMethodHandle$Holder.invokeSpecial(java.lang.Object, java.lang.Object, int, long)'> (0x0000000786a765d0) 
thrown [src/hotspot/share/interpreter/linkResolver.cpp, line 804]
Event: 0.626 Thread 0x000000015cb13c00 Exception <a 'java/lang/NoSuchMethodError'{0x0000000786a7e608}: 'int java.lang.invoke.Invokers$Holder.exactInvoker(java.lang.Object, java.lang.Object, int, long)'> (0x0000000786a7e608) 
thrown [src/hotspot/share/interpreter/linkResolver.cpp, line 804]
Event: 0.626 Thread 0x000000015cb13c00 Exception <a 'java/lang/NoSuchMethodError'{0x0000000786a82d78}: 'int java.lang.invoke.DelegatingMethodHandle$Holder.delegate(java.lang.Object, java.lang.Object, int, long)'> (0x0000000786a82d78) 
thrown [src/hotspot/share/interpreter/linkResolver.cpp, line 804]
Event: 0.626 Thread 0x000000015cb13c00 Exception <a 'java/lang/NoSuchMethodError'{0x0000000786a99860}: 'long java.lang.invoke.DirectMethodHandle$Holder.invokeSpecial(java.lang.Object, java.lang.Object, long, long)'> (0x0000000786a99860) 
thrown [src/hotspot/share/interpreter/linkResolver.cpp, line 804]
Event: 0.628 Thread 0x000000015cb13c00 Exception <a 'java/lang/NoSuchMethodError'{0x0000000786ad4bd8}: 'void java.lang.invoke.DirectMethodHandle$Holder.invokeSpecial(java.lang.Object, java.lang.Object, float, java.lang.Object, java.lang.Object, java.lang.Object, int, int, int, int, int, float, float, int, int, java.lang.Object, java.lang.Object)'> (0x0000000786ad4bd8) 
thrown [src/hotspot/share/interpreter/linkResolver.cpp, line 804]
Event: 0.628 Thread 0x000000015cb13c00 Exception <a 'java/lang/NoSuchMethodError'{0x0000000786af66a0}: 'int java.lang.invoke.DirectMethodHandle$Holder.invokeSpecial(java.lang.Object, java.lang.Object, int, java.lang.Object)'> (0x0000000786af66a0) 
thrown [src/hotspot/share/interpreter/linkResolver.cpp, line 804]
Event: 0.628 Thread 0x000000015cb13c00 Exception <a 'java/lang/NoSuchMethodError'{0x0000000786906d18}: 'java.lang.Object java.lang.invoke.Invokers$Holder.invokeExact_MT(java.lang.Object, long, java.lang.Object)'> (0x0000000786906d18) 
thrown [src/hotspot/share/interpreter/linkResolver.cpp, line 804]
Event: 0.629 Thread 0x000000015cb13c00 Exception <a 'java/lang/NoSuchMethodError'{0x0000000786928260}: 'void java.lang.invoke.DelegatingMethodHandle$Holder.reinvoke_L(java.lang.Object, java.lang.Object, java.lang.Object, long, long)'> (0x0000000786928260) 
thrown [src/hotspot/share/interpreter/linkResolver.cpp, line 804]
Event: 0.630 Thread 0x000000015cb13c00 Exception <a 'java/lang/NoSuchMethodError'{0x0000000786966290}: 'int java.lang.invoke.Invokers$Holder.invokeExact_MT(java.lang.Object, java.lang.Object, java.lang.Object, int, java.lang.Object, java.lang.Object)'> (0x0000000786966290) 
thrown [src/hotspot/share/interpreter/linkResolver.cpp, line 804]
Event: 0.631 Thread 0x000000015cb13c00 Exception <a 'java/lang/NoSuchMethodError'{0x000000078699ac50}: 'java.lang.Object java.lang.invoke.DirectMethodHandle$Holder.invokeStatic(java.lang.Object, java.lang.Object, java.lang.Object, java.lang.Object, java.lang.Object, long)'> (0x000000078699ac50) 
thrown [src/hotspot/share/interpreter/linkResolver.cpp, line 804]
Event: 1.526 Thread 0x000000015cb13c00 Implicit null exception at 0x0000000117a60700 to 0x0000000117a607a4

VM Operations (20 events):
Event: 60.160 Executing non-safepoint VM operation: HandshakeAllThreads (HandshakeForDeflation)
Event: 60.160 Executing non-safepoint VM operation: HandshakeAllThreads (HandshakeForDeflation) done
Event: 60.160 Executing non-safepoint VM operation: RendezvousGCThreads
Event: 60.160 Executing non-safepoint VM operation: RendezvousGCThreads done
Event: 66.476 Executing safepoint VM operation: G1CollectForAllocation (G1 Evacuation Pause)
Event: 66.481 Executing safepoint VM operation: G1CollectForAllocation (G1 Evacuation Pause) done
Event: 103.818 Executing safepoint VM operation: G1CollectForAllocation (G1 Evacuation Pause)
Event: 103.850 Executing safepoint VM operation: G1CollectForAllocation (G1 Evacuation Pause) done
Event: 139.249 Executing safepoint VM operation: G1CollectForAllocation (G1 Evacuation Pause)
Event: 139.286 Executing safepoint VM operation: G1CollectForAllocation (G1 Evacuation Pause) done
Event: 177.310 Executing safepoint VM operation: G1CollectForAllocation (G1 Evacuation Pause)
Event: 177.316 Executing safepoint VM operation: G1CollectForAllocation (G1 Evacuation Pause) done
Event: 212.888 Executing safepoint VM operation: G1CollectForAllocation (G1 Evacuation Pause)
Event: 212.893 Executing safepoint VM operation: G1CollectForAllocation (G1 Evacuation Pause) done
Event: 247.594 Executing safepoint VM operation: G1CollectForAllocation (G1 Evacuation Pause)
Event: 247.605 Executing safepoint VM operation: G1CollectForAllocation (G1 Evacuation Pause) done
Event: 282.170 Executing safepoint VM operation: G1CollectForAllocation (G1 Evacuation Pause)
Event: 282.174 Executing safepoint VM operation: G1CollectForAllocation (G1 Evacuation Pause) done
Event: 316.880 Executing safepoint VM operation: G1CollectForAllocation (G1 Evacuation Pause)
Event: 316.894 Executing safepoint VM operation: G1CollectForAllocation (G1 Evacuation Pause) done

Memory protections (20 events):
Event: 0.008 Protecting memory [0x00001f0000000000,0x00001f0000004000] with protection modes 0
Event: 0.017 Protecting memory [0x0000000170294000,0x00000001702a0000] with protection modes 0
Event: 0.017 Protecting memory [0x00000001704a0000,0x00000001704ac000] with protection modes 0
Event: 0.017 Protecting memory [0x00000001706ac000,0x00000001706b8000] with protection modes 0
Event: 0.017 Protecting memory [0x00000001708b8000,0x00000001708c4000] with protection modes 0
Event: 0.017 Protecting memory [0x0000000170ac4000,0x0000000170ad0000] with protection modes 0
Event: 0.017 Protecting memory [0x0000000170cd0000,0x0000000170cdc000] with protection modes 0
Event: 0.018 Protecting memory [0x0000000170edc000,0x0000000170ee8000] with protection modes 0
Event: 0.020 Protecting memory [0x00000001710e8000,0x00000001710f4000] with protection modes 0
Event: 0.021 Protecting memory [0x00000001712f4000,0x0000000171300000] with protection modes 0
Event: 0.064 Protecting memory [0x000000016e894000,0x000000016e8a0000] with protection modes 0
Event: 0.122 Protecting memory [0x000000017158c000,0x0000000171598000] with protection modes 0
Event: 0.363 Protecting memory [0x0000000171824000,0x0000000171830000] with protection modes 0
Event: 0.370 Protecting memory [0x0000000171a30000,0x0000000171a3c000] with protection modes 0
Event: 0.446 Protecting memory [0x0000000171c3c000,0x0000000171c48000] with protection modes 0
Event: 0.512 Protecting memory [0x0000000171e48000,0x0000000171e54000] with protection modes 0
Event: 0.537 Protecting memory [0x00000001720e0000,0x00000001720ec000] with protection modes 0
Event: 0.537 Protecting memory [0x000000016f11c000,0x000000016f128000] with protection modes 3
Event: 0.537 Protecting memory [0x000000016f11c000,0x000000016f128000] with protection modes 0
Event: 5.463 Protecting memory [0x0000000171c3c000,0x0000000171c48000] with protection modes 3

Nmethod flushes (0 events):
No events

Events (20 events):
Event: 0.009 Thread 0x000000015e008200 Thread added: 0x000000015e008200
Event: 0.017 Thread 0x000000015e008200 Thread added: 0x000000015c02ec00
Event: 0.017 Thread 0x000000015e008200 Thread added: 0x000000014c00a400
Event: 0.017 Thread 0x000000015e008200 Thread added: 0x000000014c00ac00
Event: 0.017 Thread 0x000000015e008200 Thread added: 0x000000014d00a400
Event: 0.017 Thread 0x000000015e008200 Thread added: 0x000000014d00ac00
Event: 0.017 Thread 0x000000015e008200 Thread added: 0x000000015c889600
Event: 0.018 Thread 0x000000015e008200 Thread added: 0x000000015c88a000
Event: 0.020 Thread 0x000000015e008200 Thread added: 0x000000015c02ba00
Event: 0.021 Thread 0x000000015e008200 Thread added: 0x000000015c02e400
Event: 0.064 Thread 0x000000015c03be00 Thread added: 0x000000015c03be00
Event: 0.122 Thread 0x000000015c03be00 Thread added: 0x000000015d953800
Event: 0.363 Thread 0x000000015e008200 Thread added: 0x000000015c348e00
Event: 0.370 Thread 0x000000015e008200 Thread added: 0x000000015ca7e800
Event: 0.446 Thread 0x000000015e008200 Thread added: 0x000000015c368000
Event: 0.512 Thread 0x000000015e008200 Thread added: 0x000000015c358400
Event: 0.537 Thread 0x000000015e008200 Thread added: 0x000000015cb13c00
Event: 0.537 Thread 0x000000015e008200 Thread exited: 0x000000015e008200
Event: 0.537 Thread 0x000000015d985400 Thread added: 0x000000015d985400
Event: 5.463 Thread 0x000000015c368000 Thread exited: 0x000000015c368000


Dynamic libraries:
0x0000000100db0000 	/Library/Java/JavaVirtualMachines/temurin-25.jdk/Contents/Home/lib/libjli.dylib
0x00000001a1bf5000 	/System/Library/Frameworks/ApplicationServices.framework/Versions/A/ApplicationServices
0x000000018e30e000 	/System/Library/Frameworks/CoreGraphics.framework/Versions/A/CoreGraphics
0x000000018a889000 	/System/Library/Frameworks/CoreText.framework/Versions/A/CoreText
0x0000000193bd1000 	/System/Library/Frameworks/ImageIO.framework/Versions/A/ImageIO
0x000000018ea3f000 	/System/Library/Frameworks/ColorSync.framework/Versions/A/ColorSync
0x0000000199e03000 	/System/Library/Frameworks/ApplicationServices.framework/Versions/A/Frameworks/ATS.framework/Versions/A/ATS
0x000000019da34000 	/System/Library/Frameworks/CoreServices.framework/Versions/A/CoreServices
0x000000018ebf5000 	/System/Library/Frameworks/ApplicationServices.framework/Versions/A/Frameworks/HIServices.framework/Versions/A/HIServices
0x00000001986bc000 	/System/Library/Frameworks/ApplicationServices.framework/Versions/A/Frameworks/PrintCore.framework/Versions/A/PrintCore
0x000000019a1f6000 	/System/Library/Frameworks/ApplicationServices.framework/Versions/A/Frameworks/QD.framework/Versions/A/QD
0x000000019a1ed000 	/System/Library/Frameworks/ApplicationServices.framework/Versions/A/Frameworks/ColorSyncLegacy.framework/Versions/A/ColorSyncLegacy
0x0000000199dd5000 	/System/Library/Frameworks/ApplicationServices.framework/Versions/A/Frameworks/SpeechSynthesis.framework/Versions/A/SpeechSynthesis
0x0000000196007000 	/usr/lib/libSystem.B.dylib
0x000000018dde7000 	/System/Library/PrivateFrameworks/SkyLight.framework/Versions/A/SkyLight
0x000000018f4ca000 	/System/Library/PrivateFrameworks/ProtocolBuffer.framework/Versions/A/ProtocolBuffer
0x000000019600c000 	/System/Library/PrivateFrameworks/SoftLinking.framework/Versions/A/SoftLinking
0x000000018b5e4000 	/usr/lib/libicucore.A.dylib
0x00000001909bb000 	/System/Library/PrivateFrameworks/CoreAnalytics.framework/Versions/A/CoreAnalytics
0x00000001935a1000 	/System/Library/PrivateFrameworks/FontServices.framework/libFontParser.dylib
0x000000019dce0000 	/System/Library/Frameworks/Accelerate.framework/Versions/A/Accelerate
0x0000000193187000 	/System/Library/Frameworks/IOSurface.framework/Versions/A/IOSurface
0x0000000191660000 	/usr/lib/libxml2.2.dylib
0x000000018d94b000 	/System/Library/Frameworks/CFNetwork.framework/Versions/A/CFNetwork
0x0000000187e1a000 	/System/Library/Frameworks/CoreFoundation.framework/Versions/A/CoreFoundation
0x000000018940b000 	/System/Library/Frameworks/Foundation.framework/Versions/C/Foundation
0x0000000195f51000 	/usr/lib/libz.1.dylib
0x00000001879b0000 	/usr/lib/libobjc.A.dylib
0x0000000187cbe000 	/usr/lib/libc++.1.dylib
0x000000018b1da000 	/System/Library/Frameworks/Security.framework/Versions/A/Security
0x0000000235ec2000 	/System/Library/PrivateFrameworks/CollectionsInternal.framework/Versions/A/CollectionsInternal
0x0000000199548000 	/usr/lib/swift/libswiftCore.dylib
0x00000001b0d1f000 	/usr/lib/swift/libswiftCoreFoundation.dylib
0x00000001ae088000 	/usr/lib/swift/libswiftDarwin.dylib
0x000000019f52d000 	/usr/lib/swift/libswiftDispatch.dylib
0x00000001b0d7a000 	/usr/lib/swift/libswiftIOKit.dylib
0x00000001a21af000 	/usr/lib/swift/libswiftObjectiveC.dylib
0x00000001b0d31000 	/usr/lib/swift/libswiftXPC.dylib
0x00000002705de000 	/usr/lib/swift/libswift_Builtin_float.dylib
0x00000002707d3000 	/usr/lib/swift/libswift_errno.dylib
0x00000002707d5000 	/usr/lib/swift/libswift_math.dylib
0x00000002707d8000 	/usr/lib/swift/libswift_signal.dylib
0x00000002707d9000 	/usr/lib/swift/libswift_stdio.dylib
0x00000002707da000 	/usr/lib/swift/libswift_time.dylib
0x00000002707db000 	/usr/lib/swift/libswiftsys_time.dylib
0x00000002707dc000 	/usr/lib/swift/libswiftunistd.dylib
0x000000018f81b000 	/System/Library/PrivateFrameworks/RunningBoardServices.framework/Versions/A/RunningBoardServices
0x000000018dd32000 	/usr/lib/libMobileGestalt.dylib
0x000000018ddc4000 	/System/Library/PrivateFrameworks/TCC.framework/Versions/A/TCC
0x00000001a4eda000 	/System/Library/PrivateFrameworks/IOSurfaceAccelerator.framework/Versions/A/IOSurfaceAccelerator
0x000000019809d000 	/System/Library/PrivateFrameworks/WatchdogClient.framework/Versions/A/WatchdogClient
0x0000000196235000 	/usr/lib/libcompression.dylib
0x00000001909ec000 	/usr/lib/libDiagnosticMessagesClient.dylib
0x000000018906e000 	/System/Library/Frameworks/SystemConfiguration.framework/Versions/A/SystemConfiguration
0x000000018a3b0000 	/System/Library/Frameworks/CoreDisplay.framework/Versions/A/CoreDisplay
0x00000001950c6000 	/System/Library/PrivateFrameworks/IOMobileFramebuffer.framework/Versions/A/IOMobileFramebuffer
0x0000000193445000 	/System/Library/Frameworks/CoreMedia.framework/Versions/A/CoreMedia
0x00000001931a0000 	/System/Library/PrivateFrameworks/IOAccelerator.framework/Versions/A/IOAccelerator
0x000000018bc2f000 	/System/Library/Frameworks/IOKit.framework/Versions/A/IOKit
0x00000001931aa000 	/System/Library/Frameworks/Metal.framework/Versions/A/Metal
0x000000019174a000 	/System/Library/Frameworks/CoreVideo.framework/Versions/A/CoreVideo
0x000000019622d000 	/System/Library/Frameworks/MetalPerformanceShaders.framework/Versions/A/MetalPerformanceShaders
0x000000019809f000 	/System/Library/PrivateFrameworks/MultitouchSupport.framework/Versions/A/MultitouchSupport
0x0000000190ef3000 	/System/Library/Frameworks/QuartzCore.framework/Versions/A/QuartzCore
0x00000001953f2000 	/usr/lib/libbsm.0.dylib
0x00000002550b2000 	/System/Library/PrivateFrameworks/ProDisplayLibrary.framework/Versions/A/ProDisplayLibrary
0x00000001980e5000 	/System/Library/Frameworks/VideoToolbox.framework/Versions/A/VideoToolbox
0x00000001bd8e4000 	/usr/lib/swift/libswiftMetal.dylib
0x00000001cc885000 	/usr/lib/swift/libswiftOSLog.dylib
0x00000001c2c83000 	/usr/lib/swift/libswiftQuartzCore.dylib
0x00000001c72de000 	/usr/lib/swift/libswiftUniformTypeIdentifiers.dylib
0x00000001a21b3000 	/usr/lib/swift/libswiftos.dylib
0x00000001b45d3000 	/usr/lib/swift/libswiftsimd.dylib
0x00000001917eb000 	/System/Library/PrivateFrameworks/UserManagement.framework/Versions/A/UserManagement
0x000000018f736000 	/System/Library/PrivateFrameworks/BaseBoard.framework/Versions/A/BaseBoard
0x00000001915da000 	/System/Library/Frameworks/CoreServices.framework/Versions/A/Frameworks/FSEvents.framework/Versions/A/FSEvents
0x000000018b8bb000 	/System/Library/Frameworks/CoreServices.framework/Versions/A/Frameworks/CarbonCore.framework/Versions/A/CarbonCore
0x0000000190a4f000 	/System/Library/Frameworks/CoreServices.framework/Versions/A/Frameworks/Metadata.framework/Versions/A/Metadata
0x0000000195ae9000 	/System/Library/Frameworks/CoreServices.framework/Versions/A/Frameworks/OSServices.framework/Versions/A/OSServices
0x0000000196156000 	/System/Library/Frameworks/CoreServices.framework/Versions/A/Frameworks/SearchKit.framework/Versions/A/SearchKit
0x000000018f884000 	/System/Library/Frameworks/CoreServices.framework/Versions/A/Frameworks/AE.framework/Versions/A/AE
0x0000000188359000 	/System/Library/Frameworks/CoreServices.framework/Versions/A/Frameworks/LaunchServices.framework/Versions/A/LaunchServices
0x000000019756d000 	/System/Library/Frameworks/CoreServices.framework/Versions/A/Frameworks/DictionaryServices.framework/Versions/A/DictionaryServices
0x00000001915e8000 	/System/Library/Frameworks/CoreServices.framework/Versions/A/Frameworks/SharedFileList.framework/Versions/A/SharedFileList
0x00000001961ec000 	/usr/lib/libapple_nghttp2.dylib
0x000000018f4e5000 	/usr/lib/libsqlite3.dylib
0x000000019a22c000 	/System/Library/Frameworks/GSS.framework/Versions/A/GSS
0x00000001987d3000 	/System/Library/PrivateFrameworks/InternationalSupport.framework/Versions/A/InternationalSupport
0x000000018dd30000 	/usr/lib/libenergytrace.dylib
0x000000018f912000 	/System/Library/Frameworks/Network.framework/Versions/A/Network
0x000000018bbae000 	/System/Library/PrivateFrameworks/CoreServicesInternal.framework/Versions/A/CoreServicesInternal
0x0000000195fd4000 	/usr/lib/liboah.dylib
0x0000000196009000 	/usr/lib/libfakelink.dylib
0x0000000187d4b000 	/usr/lib/libc++abi.dylib
0x000000026f4e8000 	/usr/lib/libRosetta.dylib
0x0000000191616000 	/System/Library/PrivateFrameworks/CoreAutoLayout.framework/Versions/A/CoreAutoLayout
0x0000000190ada000 	/System/Library/Frameworks/DiskArbitration.framework/Versions/A/DiskArbitration
0x000000019605e000 	/usr/lib/libarchive.2.dylib
0x00000001943ce000 	/usr/lib/liblangid.dylib
0x000000019b92f000 	/System/Library/Frameworks/Combine.framework/Versions/A/Combine
0x0000000255d74000 	/System/Library/PrivateFrameworks/ReflectionInternal.framework/Versions/A/ReflectionInternal
0x0000000256a4b000 	/System/Library/PrivateFrameworks/RuntimeInternal.framework/Versions/A/RuntimeInternal
0x000000027056f000 	/usr/lib/swift/libswiftSystem.dylib
0x00000002705e1000 	/usr/lib/swift/libswift_Concurrency.dylib
0x0000000270740000 	/usr/lib/swift/libswift_StringProcessing.dylib
0x0000000196001000 	/usr/lib/system/libcache.dylib
0x0000000195fbc000 	/usr/lib/system/libcommonCrypto.dylib
0x0000000195fe7000 	/usr/lib/system/libcompiler_rt.dylib
0x0000000195fdc000 	/usr/lib/system/libcopyfile.dylib
0x0000000187b0b000 	/usr/lib/system/libcorecrypto.dylib
0x0000000187bf2000 	/usr/lib/system/libdispatch.dylib
0x0000000187db2000 	/usr/lib/system/libdyld.dylib
0x0000000195ff7000 	/usr/lib/system/libkeymgr.dylib
0x0000000195f9f000 	/usr/lib/system/libmacho.dylib
0x00000001953cb000 	/usr/lib/system/libquarantine.dylib
0x0000000195ff4000 	/usr/lib/system/libremovefile.dylib
0x000000018ddac000 	/usr/lib/system/libsystem_asl.dylib
0x0000000187aa0000 	/usr/lib/system/libsystem_blocks.dylib
0x0000000187c3c000 	/usr/lib/system/libsystem_c.dylib
0x0000000195feb000 	/usr/lib/system/libsystem_collections.dylib
0x00000001943bb000 	/usr/lib/system/libsystem_configuration.dylib
0x0000000193156000 	/usr/lib/system/libsystem_containermanager.dylib
0x0000000195ae1000 	/usr/lib/system/libsystem_coreservices.dylib
0x000000018b8b0000 	/usr/lib/system/libsystem_darwin.dylib
0x0000000270913000 	/usr/lib/system/libsystem_darwindirectory.dylib
0x0000000195ff8000 	/usr/lib/system/libsystem_dnssd.dylib
0x0000000270917000 	/usr/lib/system/libsystem_eligibility.dylib
0x0000000187c39000 	/usr/lib/system/libsystem_featureflags.dylib
0x0000000187dea000 	/usr/lib/system/libsystem_info.dylib
0x0000000195f60000 	/usr/lib/system/libsystem_m.dylib
0x0000000187baa000 	/usr/lib/system/libsystem_malloc.dylib
0x000000018dd15000 	/usr/lib/system/libsystem_networkextension.dylib
0x000000018bd12000 	/usr/lib/system/libsystem_notify.dylib
0x00000001943c0000 	/usr/lib/system/libsystem_sandbox.dylib
0x000000027091f000 	/usr/lib/system/libsystem_sanitizers.dylib
0x0000000195ff0000 	/usr/lib/system/libsystem_secinit.dylib
0x0000000187d69000 	/usr/lib/system/libsystem_kernel.dylib
0x0000000187de2000 	/usr/lib/system/libsystem_platform.dylib
0x0000000187da5000 	/usr/lib/system/libsystem_pthread.dylib
0x000000018f909000 	/usr/lib/system/libsystem_symptoms.dylib
0x0000000187aef000 	/usr/lib/system/libsystem_trace.dylib
0x0000000195fca000 	/usr/lib/system/libunwind.dylib
0x0000000187aa4000 	/usr/lib/system/libxpc.dylib
0x0000000195391000 	/System/Library/PrivateFrameworks/BackgroundTaskManagement.framework/Versions/A/BackgroundTaskManagement
0x0000000231c49000 	/System/Library/PrivateFrameworks/AppleKeyStore.framework/Versions/A/AppleKeyStore
0x000000026f340000 	/usr/lib/libCoreEntitlements.dylib
0x000000024cd14000 	/System/Library/PrivateFrameworks/MessageSecurity.framework/Versions/A/MessageSecurity
0x0000000195ac8000 	/System/Library/PrivateFrameworks/AppleFSCompression.framework/Versions/A/AppleFSCompression
0x00000001953da000 	/usr/lib/libcoretls.dylib
0x00000001975e3000 	/usr/lib/libcoretls_cfhelpers.dylib
0x000000019622f000 	/usr/lib/libpam.2.dylib
0x0000000197657000 	/usr/lib/libxar.1.dylib
0x00000001975e5000 	/System/Library/PrivateFrameworks/APFS.framework/Versions/A/APFS
0x000000025ffd7000 	/System/Library/PrivateFrameworks/SwiftASN1Internal.framework/Versions/A/SwiftASN1Internal
0x0000000197666000 	/usr/lib/libutil.dylib
0x0000000195fa3000 	/usr/lib/system/libkxld.dylib
0x00000001943c9000 	/System/Library/PrivateFrameworks/AppleSystemInfo.framework/Versions/A/AppleSystemInfo
0x00000001b0c0a000 	/System/Library/PrivateFrameworks/LoggingSupport.framework/Versions/A/LoggingSupport
0x000000019e9ee000 	/System/Library/PrivateFrameworks/PowerLog.framework/Versions/A/PowerLog
0x00000001ee786000 	/System/Library/Frameworks/SwiftData.framework/Versions/A/SwiftData
0x000000018d3c2000 	/System/Library/Frameworks/UniformTypeIdentifiers.framework/Versions/A/UniformTypeIdentifiers
0x000000018d879000 	/usr/lib/libboringssl.dylib
0x000000018f8f8000 	/usr/lib/libdns_services.dylib
0x00000001afdb9000 	/usr/lib/libquic.dylib
0x00000001994d7000 	/usr/lib/libusrtcp.dylib
0x00000001d46fa000 	/System/Library/PrivateFrameworks/InternalSwiftProtobuf.framework/Versions/A/InternalSwiftProtobuf
0x00000002704cc000 	/usr/lib/swift/libswiftDistributed.dylib
0x00000002704f8000 	/usr/lib/swift/libswiftObservation.dylib
0x0000000270565000 	/usr/lib/swift/libswiftSynchronization.dylib
0x000000018d94a000 	/usr/lib/libnetwork.dylib
0x00000001c18ba000 	/System/Library/PrivateFrameworks/OSAnalytics.framework/Versions/A/OSAnalytics
0x00000001961c7000 	/System/Library/PrivateFrameworks/AppleSauce.framework/Versions/A/AppleSauce
0x000000019fcc3000 	/System/Library/PrivateFrameworks/CoreSymbolication.framework/Versions/A/CoreSymbolication
0x00000001d03c3000 	/System/Library/PrivateFrameworks/Symbolication.framework/Versions/A/Symbolication
0x000000019fc9f000 	/System/Library/PrivateFrameworks/DebugSymbols.framework/Versions/A/DebugSymbols
0x000000026f20b000 	/usr/lib/libAppleArchive.dylib
0x0000000195ad4000 	/usr/lib/libbz2.1.0.dylib
0x00000001975c4000 	/usr/lib/liblzma.5.dylib
0x00000001b0c93000 	/System/Library/PrivateFrameworks/MallocStackLogging.framework/Versions/A/MallocStackLogging
0x00000001977b2000 	/System/Library/PrivateFrameworks/CrashReporterSupport.framework/Versions/A/CrashReporterSupport
0x0000000188e65000 	/System/Library/PrivateFrameworks/Lexicon.framework/Versions/A/Lexicon
0x0000000245054000 	/System/Library/PrivateFrameworks/IO80211.framework/Versions/A/IO80211
0x000000019f7c5000 	/System/Library/PrivateFrameworks/FrontBoardServices.framework/Versions/A/FrontBoardServices
0x0000000195302000 	/System/Library/Frameworks/SecurityFoundation.framework/Versions/A/SecurityFoundation
0x0000000195464000 	/usr/lib/libgermantok.dylib
0x00000001944ed000 	/System/Library/PrivateFrameworks/LinguisticData.framework/Versions/A/LinguisticData
0x000000019f892000 	/System/Library/PrivateFrameworks/BoardServices.framework/Versions/A/BoardServices
0x00000001952f3000 	/System/Library/PrivateFrameworks/AssertionServices.framework/Versions/A/AssertionServices
0x00000001a14e2000 	/System/Library/PrivateFrameworks/BackBoardServices.framework/Versions/A/BackBoardServices
0x0000000197f66000 	/System/Library/PrivateFrameworks/AppleJPEG.framework/Versions/A/AppleJPEG
0x0000000197a07000 	/usr/lib/libexpat.1.dylib
0x0000000198592000 	/System/Library/Frameworks/ImageIO.framework/Versions/A/Resources/libPng.dylib
0x00000001985bd000 	/System/Library/Frameworks/ImageIO.framework/Versions/A/Resources/libTIFF.dylib
0x00000001986a7000 	/System/Library/Frameworks/ImageIO.framework/Versions/A/Resources/libGIF.dylib
0x0000000197fac000 	/System/Library/Frameworks/ImageIO.framework/Versions/A/Resources/libJP2.dylib
0x0000000197718000 	/usr/lib/libate.dylib
0x000000019864e000 	/System/Library/Frameworks/ImageIO.framework/Versions/A/Resources/libJPEG.dylib
0x0000000198645000 	/System/Library/Frameworks/ImageIO.framework/Versions/A/Resources/libRadiance.dylib
0x0000000190ae3000 	/System/Library/Frameworks/Accelerate.framework/Versions/A/Frameworks/vImage.framework/Versions/A/vImage
0x000000019da0f000 	/System/Library/Frameworks/Accelerate.framework/Versions/A/Frameworks/vecLib.framework/Versions/A/vecLib
0x000000019769e000 	/System/Library/Frameworks/Accelerate.framework/Versions/A/Frameworks/vecLib.framework/Versions/A/libvMisc.dylib
0x00000001887d1000 	/System/Library/Frameworks/Accelerate.framework/Versions/A/Frameworks/vecLib.framework/Versions/A/libBLAS.dylib
0x00000001e8282000 	/System/Library/Frameworks/OpenGL.framework/Versions/A/OpenGL
0x0000000240de8000 	/System/Library/PrivateFrameworks/GPUCompiler.framework/Versions/32023/Libraries/libllvm-flatbuffers.dylib
0x000000023c1e4000 	/System/Library/PrivateFrameworks/FramePacing.framework/Versions/A/FramePacing
0x00000001e8274000 	/System/Library/Frameworks/OpenGL.framework/Versions/A/Libraries/libCoreFSCache.dylib
0x000000023cd59000 	/System/Library/PrivateFrameworks/GPUCompiler.framework/Versions/32023/Libraries/libGPUCompilerUtils.dylib
0x00000001e82d2000 	/System/Library/Frameworks/OpenGL.framework/Versions/A/Libraries/libGLU.dylib
0x00000001e8296000 	/System/Library/Frameworks/OpenGL.framework/Versions/A/Libraries/libGFXShared.dylib
0x00000001e845e000 	/System/Library/Frameworks/OpenGL.framework/Versions/A/Libraries/libGL.dylib
0x00000001e829f000 	/System/Library/Frameworks/OpenGL.framework/Versions/A/Libraries/libGLImage.dylib
0x00000001e8293000 	/System/Library/Frameworks/OpenGL.framework/Versions/A/Libraries/libCVMSPluginSupport.dylib
0x00000001e827c000 	/System/Library/Frameworks/OpenGL.framework/Versions/A/Libraries/libCoreVMClient.dylib
0x0000000193f50000 	/System/Library/Frameworks/CoreImage.framework/Versions/A/CoreImage
0x00000001a32f2000 	/System/Library/PrivateFrameworks/ASEProcessing.framework/Versions/A/ASEProcessing
0x000000025421f000 	/System/Library/PrivateFrameworks/PhotosensitivityProcessing.framework/Versions/A/PhotosensitivityProcessing
0x0000000197bdf000 	/System/Library/PrivateFrameworks/GraphVisualizer.framework/Versions/A/GraphVisualizer
0x0000000195093000 	/System/Library/PrivateFrameworks/CoreEmoji.framework/Versions/A/CoreEmoji
0x000000023c119000 	/System/Library/PrivateFrameworks/FontServices.framework/Versions/A/FontServices
0x0000000197beb000 	/System/Library/PrivateFrameworks/OTSVG.framework/Versions/A/OTSVG
0x00000001912c7000 	/System/Library/Frameworks/ApplicationServices.framework/Versions/A/Frameworks/ATS.framework/Versions/A/Resources/libFontRegistry.dylib
0x00000001952d6000 	/System/Library/PrivateFrameworks/MobileKeyBag.framework/Versions/A/MobileKeyBag
0x00000001943c7000 	/System/Library/PrivateFrameworks/AggregateDictionary.framework/Versions/A/AggregateDictionary
0x000000026f8cd000 	/usr/lib/libhvf.dylib
0x0000000250fb8000 	/System/Library/PrivateFrameworks/ParsingInternal.framework/Versions/A/ParsingInternal
0x0000000270515000 	/usr/lib/swift/libswiftRegexBuilder.dylib
0x000000027069d000 	/usr/lib/swift/libswift_RegexParser.dylib
0x000000023c11a000 	/System/Library/PrivateFrameworks/FontServices.framework/libXTFontStaticRegistryData.dylib
0x000000019430b000 	/System/Library/Frameworks/MetalPerformanceShaders.framework/Versions/A/Frameworks/MPSCore.framework/Versions/A/MPSCore
0x0000000195a33000 	/System/Library/Frameworks/MetalPerformanceShaders.framework/Versions/A/Frameworks/MPSImage.framework/Versions/A/MPSImage
0x000000019547c000 	/System/Library/Frameworks/MetalPerformanceShaders.framework/Versions/A/Frameworks/MPSNeuralNetwork.framework/Versions/A/MPSNeuralNetwork
0x00000001958b3000 	/System/Library/Frameworks/MetalPerformanceShaders.framework/Versions/A/Frameworks/MPSMatrix.framework/Versions/A/MPSMatrix
0x00000001956c8000 	/System/Library/Frameworks/MetalPerformanceShaders.framework/Versions/A/Frameworks/MPSRayIntersector.framework/Versions/A/MPSRayIntersector
0x00000001958e5000 	/System/Library/Frameworks/MetalPerformanceShaders.framework/Versions/A/Frameworks/MPSNDArray.framework/Versions/A/MPSNDArray
0x00000001ebb74000 	/System/Library/Frameworks/MetalPerformanceShaders.framework/Versions/A/Frameworks/MPSFunctions.framework/Versions/A/MPSFunctions
0x00000001ebb56000 	/System/Library/Frameworks/MetalPerformanceShaders.framework/Versions/A/Frameworks/MPSBenchmarkLoop.framework/Versions/A/MPSBenchmarkLoop
0x000000018864c000 	/System/Library/PrivateFrameworks/MetalTools.framework/Versions/A/MetalTools
0x00000001b597c000 	/System/Library/PrivateFrameworks/IOAccelMemoryInfo.framework/Versions/A/IOAccelMemoryInfo
0x00000001c3078000 	/System/Library/PrivateFrameworks/kperf.framework/Versions/A/kperf
0x00000001b0cfa000 	/System/Library/PrivateFrameworks/GPURawCounter.framework/Versions/A/GPURawCounter
0x0000000194fa1000 	/System/Library/Frameworks/Accelerate.framework/Versions/A/Frameworks/vecLib.framework/Versions/A/libvDSP.dylib
0x000000019630b000 	/System/Library/Frameworks/Accelerate.framework/Versions/A/Frameworks/vecLib.framework/Versions/A/libLAPACK.dylib
0x0000000195467000 	/System/Library/Frameworks/Accelerate.framework/Versions/A/Frameworks/vecLib.framework/Versions/A/libLinearAlgebra.dylib
0x0000000196206000 	/System/Library/Frameworks/Accelerate.framework/Versions/A/Frameworks/vecLib.framework/Versions/A/libSparseBLAS.dylib
0x0000000196306000 	/System/Library/Frameworks/Accelerate.framework/Versions/A/Frameworks/vecLib.framework/Versions/A/libQuadrature.dylib
0x00000001944f4000 	/System/Library/Frameworks/Accelerate.framework/Versions/A/Frameworks/vecLib.framework/Versions/A/libBNNS.dylib
0x0000000188f72000 	/System/Library/Frameworks/Accelerate.framework/Versions/A/Frameworks/vecLib.framework/Versions/A/libSparse.dylib
0x000000024a103000 	/System/Library/PrivateFrameworks/MIL.framework/Versions/A/MIL
0x000000019f93f000 	/System/Library/PrivateFrameworks/GraphicsServices.framework/Versions/A/GraphicsServices
0x0000000196043000 	/usr/lib/libiconv.2.dylib
0x0000000195f9e000 	/usr/lib/libcharset.1.dylib
0x0000000195157000 	/System/Library/PrivateFrameworks/CoreUtils.framework/Versions/A/CoreUtils
0x00000001e9ea3000 	/System/Library/Frameworks/ExtensionFoundation.framework/Versions/A/ExtensionFoundation
0x00000001b0cfe000 	/usr/lib/swift/libswiftCoreAudio.dylib
0x0000000239932000 	/System/Library/PrivateFrameworks/CoreUtilsExtras.framework/Versions/A/CoreUtilsExtras
0x0000000197906000 	/System/Library/PrivateFrameworks/PlugInKit.framework/Versions/A/PlugInKit
0x00000001915ad000 	/System/Library/Frameworks/OpenDirectory.framework/Versions/A/OpenDirectory
0x00000001915bb000 	/System/Library/Frameworks/OpenDirectory.framework/Versions/A/Frameworks/CFOpenDirectory.framework/Versions/A/CFOpenDirectory
0x000000018aaa8000 	/System/Library/Frameworks/CoreAudio.framework/Versions/A/CoreAudio
0x0000000197c2c000 	/System/Library/PrivateFrameworks/AppServerSupport.framework/Versions/A/AppServerSupport
0x000000019a1ff000 	/System/Library/PrivateFrameworks/perfdata.framework/Versions/A/perfdata
0x000000018a4d1000 	/System/Library/PrivateFrameworks/AudioToolboxCore.framework/Versions/A/AudioToolboxCore
0x000000019341d000 	/System/Library/PrivateFrameworks/caulk.framework/Versions/A/caulk
0x0000000199dbc000 	/usr/lib/libAudioStatistics.dylib
0x00000001afeb2000 	/System/Library/PrivateFrameworks/SystemPolicy.framework/Versions/A/SystemPolicy
0x000000019a0a0000 	/usr/lib/libSMC.dylib
0x00000001a43fc000 	/System/Library/Frameworks/CoreMIDI.framework/Versions/A/CoreMIDI
0x000000019855c000 	/usr/lib/libAudioToolboxUtility.dylib
0x000000019a20d000 	/usr/lib/libperfcheck.dylib
0x00000002327c7000 	/System/Library/PrivateFrameworks/AudioAnalytics.framework/Versions/A/AudioAnalytics
0x00000001dba30000 	/System/Library/PrivateFrameworks/FeatureFlags.framework/Versions/A/FeatureFlags
0x00000001d44c1000 	/System/Library/Frameworks/OSLog.framework/Versions/A/OSLog
0x00000001b0cc5000 	/usr/lib/libmis.dylib
0x000000018f06f000 	/System/Library/Frameworks/CoreData.framework/Versions/A/CoreData
0x0000000197a22000 	/usr/lib/libheimdal-asn1.dylib
0x000000026f54b000 	/usr/lib/libTLE.dylib
0x00000001a16a8000 	/System/Library/PrivateFrameworks/DiskImages.framework/Versions/A/DiskImages
0x00000001adbb1000 	/System/Library/Frameworks/NetFS.framework/Versions/A/NetFS
0x0000000197a79000 	/System/Library/PrivateFrameworks/IconServices.framework/Versions/A/IconServices
0x00000001e97ce000 	/System/Library/Frameworks/CoreTransferable.framework/Versions/A/CoreTransferable
0x0000000197a2c000 	/System/Library/PrivateFrameworks/IconFoundation.framework/Versions/A/IconFoundation
0x0000000191319000 	/System/Library/PrivateFrameworks/CoreUI.framework/Versions/A/CoreUI
0x0000000198733000 	/System/Library/PrivateFrameworks/TextureIO.framework/Versions/A/TextureIO
0x0000000193b96000 	/System/Library/PrivateFrameworks/CoreSVG.framework/Versions/A/CoreSVG
0x00000001c72ed000 	/usr/lib/swift/libswiftAccelerate.dylib
0x0000000199bb3000 	/System/Library/Frameworks/AudioToolbox.framework/Versions/A/AudioToolbox
0x0000000199d5e000 	/System/Library/PrivateFrameworks/AudioSession.framework/Versions/A/AudioSession
0x0000000197b0c000 	/System/Library/PrivateFrameworks/MediaExperience.framework/Versions/A/MediaExperience
0x0000000199b6c000 	/System/Library/PrivateFrameworks/AudioSession.framework/libSessionUtility.dylib
0x00000001986ad000 	/System/Library/PrivateFrameworks/CMCaptureCore.framework/Versions/A/CMCaptureCore
0x0000000197c36000 	/usr/lib/libspindump.dylib
0x000000019fdd0000 	/System/Library/PrivateFrameworks/CoreTime.framework/Versions/A/CoreTime
0x00000001aa6a2000 	/usr/lib/libAccessibility.dylib
0x000000019dd30000 	/System/Library/Frameworks/MediaAccessibility.framework/Versions/A/MediaAccessibility
0x00000002662dd000 	/System/Library/PrivateFrameworks/VideoToolboxParavirtualizationSupport.framework/Versions/A/VideoToolboxParavirtualizationSupport
0x00000001979be000 	/System/Library/PrivateFrameworks/AppleVA.framework/Versions/A/AppleVA
0x000000019e8f7000 	/System/Library/Frameworks/CoreBluetooth.framework/Versions/A/CoreBluetooth
0x000000019a3f1000 	/System/Library/PrivateFrameworks/CorePhoneNumbers.framework/Versions/A/CorePhoneNumbers
0x00000001e87fa000 	/System/Library/Frameworks/AVFAudio.framework/Versions/A/AVFAudio
0x00000001977a9000 	/usr/lib/libIOReport.dylib
0x00000002323d7000 	/System/Library/PrivateFrameworks/AppleMobileFileIntegrity.framework/Versions/A/AppleMobileFileIntegrity
0x00000001e52d0000 	/System/Library/PrivateFrameworks/ConfigProfileHelper.framework/Versions/A/ConfigProfileHelper
0x0000000195404000 	/usr/lib/libmecab.dylib
0x000000024898c000 	/System/Library/PrivateFrameworks/IsolatedCoreAudioClient.framework/Versions/A/IsolatedCoreAudioClient
0x000000019b697000 	/System/Library/Frameworks/IOBluetooth.framework/Versions/A/IOBluetooth
0x0000000262a9b000 	/System/Library/PrivateFrameworks/Tightbeam.framework/Versions/A/Tightbeam
0x000000023697f000 	/System/Library/PrivateFrameworks/CoreAudioOrchestration.framework/Versions/A/CoreAudioOrchestration
0x00000001c79b0000 	/System/Library/PrivateFrameworks/AFKUser.framework/Versions/A/AFKUser
0x00000001a2107000 	/System/Library/Frameworks/AudioUnit.framework/Versions/A/AudioUnit
0x0000000198640000 	/System/Library/PrivateFrameworks/GPUWrangler.framework/Versions/A/GPUWrangler
0x0000000198620000 	/System/Library/PrivateFrameworks/IOPresentment.framework/Versions/A/IOPresentment
0x0000000198648000 	/System/Library/PrivateFrameworks/DSExternalDisplay.framework/Versions/A/DSExternalDisplay
0x0000000189102000 	/usr/lib/libCRFSuite.dylib
0x00000001943d0000 	/System/Library/PrivateFrameworks/CoreNLP.framework/Versions/A/CoreNLP
0x00000001961be000 	/usr/lib/libThaiTokenizer.dylib
0x00000001b0d79000 	/usr/lib/swift/libswiftCoreImage.dylib
0x000000019eadf000 	/System/Library/PrivateFrameworks/MediaKit.framework/Versions/A/MediaKit
0x000000019ea2a000 	/System/Library/Frameworks/DiscRecording.framework/Versions/A/DiscRecording
0x0000000198adb000 	/System/Library/PrivateFrameworks/DataDetectorsCore.framework/Versions/A/DataDetectorsCore
0x00000001b467c000 	/System/Library/PrivateFrameworks/TextInput.framework/Versions/A/TextInput
0x000000018d210000 	/System/Library/PrivateFrameworks/UIFoundation.framework/Versions/A/UIFoundation
0x000000019a1e0000 	/System/Library/PrivateFrameworks/NetAuth.framework/Versions/A/NetAuth
0x00000001917ab000 	/System/Library/PrivateFrameworks/login.framework/Versions/A/Frameworks/loginsupport.framework/Versions/A/loginsupport
0x00000001a1866000 	/usr/lib/libcurl.4.dylib
0x000000026f77f000 	/usr/lib/libcrypto.46.dylib
0x00000002702a9000 	/usr/lib/libssl.48.dylib
0x00000001a153e000 	/System/Library/Frameworks/LDAP.framework/Versions/A/LDAP
0x000000019a21b000 	/System/Library/Frameworks/Kerberos.framework/Versions/A/Kerberos
0x00000001a157a000 	/System/Library/PrivateFrameworks/TrustEvaluationAgent.framework/Versions/A/TrustEvaluationAgent
0x0000000199e9e000 	/usr/lib/libsasl2.2.dylib
0x0000000199e81000 	/usr/lib/libresolv.9.dylib
0x0000000197c3d000 	/System/Library/PrivateFrameworks/Heimdal.framework/Versions/A/Heimdal
0x00000001a2106000 	/System/Library/Frameworks/Kerberos.framework/Versions/A/Libraries/libHeimdalProxy.dylib
0x000000019a27e000 	/System/Library/PrivateFrameworks/CommonAuth.framework/Versions/A/CommonAuth
0x00000001953ce000 	/usr/lib/libCheckFix.dylib
0x00000001909ee000 	/System/Library/PrivateFrameworks/MetadataUtilities.framework/Versions/A/MetadataUtilities
0x0000000245938000 	/System/Library/PrivateFrameworks/InstalledContentLibrary.framework/Versions/A/InstalledContentLibrary
0x000000018bbee000 	/System/Library/PrivateFrameworks/CoreServicesStore.framework/Versions/A/CoreServicesStore
0x0000000191612000 	/usr/lib/libapp_launch_measurement.dylib
0x00000001c3182000 	/System/Library/PrivateFrameworks/MobileSystemServices.framework/Versions/A/MobileSystemServices
0x000000019766a000 	/usr/lib/libxslt.1.dylib
0x00000001d48c8000 	/System/Library/PrivateFrameworks/HIDDisplay.framework/Versions/A/HIDDisplay
0x00000001a98c0000 	/System/Library/PrivateFrameworks/HID.framework/Versions/A/HID
0x0000000198679000 	/System/Library/Frameworks/ApplicationServices.framework/Versions/A/Frameworks/ATSUI.framework/Versions/A/ATSUI
0x000000019a181000 	/usr/lib/libcups.2.dylib
0x00000001aa5e6000 	/System/Library/PrivateFrameworks/AXCoreUtilities.framework/Versions/A/AXCoreUtilities
0x00000001b931c000 	/System/Library/PrivateFrameworks/AttributeGraph.framework/Versions/A/AttributeGraph
0x000000026f189000 	/usr/lib/libAXSafeCategoryBundle.dylib
0x00000001a45cf000 	/System/Library/Frameworks/Cocoa.framework/Versions/A/Cocoa
0x000000018bd7f000 	/System/Library/Frameworks/AppKit.framework/Versions/C/AppKit
0x0000000235e9e000 	/System/Library/PrivateFrameworks/CollectionViewCore.framework/Versions/A/CollectionViewCore
0x0000000193b90000 	/System/Library/PrivateFrameworks/XCTTargetBootstrap.framework/Versions/A/XCTTargetBootstrap
0x0000000198b2a000 	/System/Library/PrivateFrameworks/UserActivity.framework/Versions/A/UserActivity
0x0000000264828000 	/System/Library/PrivateFrameworks/UIIntelligenceSupport.framework/Versions/A/UIIntelligenceSupport
0x00000001ee8c1000 	/System/Library/Frameworks/SwiftUICore.framework/Versions/A/SwiftUICore
0x00000002698ae000 	/System/Library/PrivateFrameworks/WritingTools.framework/Versions/A/WritingTools
0x00000002688f2000 	/System/Library/PrivateFrameworks/WindowManagement.framework/Versions/A/WindowManagement
0x0000000193b7b000 	/System/Library/PrivateFrameworks/DFRFoundation.framework/Versions/A/DFRFoundation
0x0000000193874000 	/System/Library/Frameworks/Carbon.framework/Versions/A/Frameworks/HIToolbox.framework/Versions/A/HIToolbox
0x000000019d63d000 	/System/Library/Frameworks/Carbon.framework/Versions/A/Frameworks/SpeechRecognition.framework/Versions/A/SpeechRecognition
0x00000001a8c20000 	/System/Library/PrivateFrameworks/RenderBox.framework/Versions/A/RenderBox
0x00000001915a3000 	/System/Library/PrivateFrameworks/PerformanceAnalysis.framework/Versions/A/PerformanceAnalysis
0x000000019d9b5000 	/System/Library/Frameworks/Accessibility.framework/Versions/A/Accessibility
0x00000001e9d53000 	/System/Library/Frameworks/DataDetection.framework/Versions/A/DataDetection
0x00000001e9d56000 	/System/Library/Frameworks/DeveloperToolsSupport.framework/Versions/A/DeveloperToolsSupport
0x00000001ef484000 	/System/Library/Frameworks/Symbols.framework/Versions/A/Symbols
0x00000002704cb000 	/usr/lib/swift/libswiftDataDetection.dylib
0x00000001ae087000 	/usr/lib/swift/libswiftCoreGraphics.dylib
0x000000019e35f000 	/usr/lib/swift/libswiftFoundation.dylib
0x00000001e4d5a000 	/usr/lib/swift/libswiftSwiftOnoneSupport.dylib
0x00000001d0b74000 	/System/Library/PrivateFrameworks/CoreMaterial.framework/Versions/A/CoreMaterial
0x0000000256b42000 	/System/Library/PrivateFrameworks/SFSymbols.framework/Versions/A/SFSymbols
0x000000019d62a000 	/System/Library/PrivateFrameworks/SpeechRecognitionCore.framework/Versions/A/SpeechRecognitionCore
0x0000000106284000 	/Library/Java/JavaVirtualMachines/temurin-25.jdk/Contents/Home/lib/server/libjvm.dylib
0x0000000100e10000 	/Library/Java/JavaVirtualMachines/temurin-25.jdk/Contents/Home/lib/libjimage.dylib
0x0000000100e94000 	/Library/Java/JavaVirtualMachines/temurin-25.jdk/Contents/Home/lib/libjava.dylib
0x0000000105bb0000 	/Library/Java/JavaVirtualMachines/temurin-25.jdk/Contents/Home/lib/libnio.dylib
0x0000000105bd0000 	/Library/Java/JavaVirtualMachines/temurin-25.jdk/Contents/Home/lib/libnet.dylib
0x0000000105bec000 	/Library/Java/JavaVirtualMachines/temurin-25.jdk/Contents/Home/lib/libzip.dylib
0x0000000105c9c000 	/Library/Java/JavaVirtualMachines/temurin-25.jdk/Contents/Home/lib/libawt.dylib
0x00000001eaddd000 	/System/Library/Frameworks/JavaRuntimeSupport.framework/Versions/A/JavaRuntimeSupport
0x00000001af8d5000 	/System/Library/Frameworks/Carbon.framework/Versions/A/Carbon
0x00000001a690b000 	/System/Library/Frameworks/Carbon.framework/Versions/A/Frameworks/CommonPanels.framework/Versions/A/CommonPanels
0x00000001a1851000 	/System/Library/Frameworks/Carbon.framework/Versions/A/Frameworks/Help.framework/Versions/A/Help
0x00000001a690f000 	/System/Library/Frameworks/Carbon.framework/Versions/A/Frameworks/ImageCapture.framework/Versions/A/ImageCapture
0x00000001a68eb000 	/System/Library/Frameworks/Carbon.framework/Versions/A/Frameworks/OpenScripting.framework/Versions/A/OpenScripting
0x00000001a690a000 	/System/Library/Frameworks/Carbon.framework/Versions/A/Frameworks/Ink.framework/Versions/A/Ink
0x00000001a6907000 	/System/Library/Frameworks/Carbon.framework/Versions/A/Frameworks/SecurityHI.framework/Versions/A/SecurityHI
0x0000000105e74000 	/Library/Java/JavaVirtualMachines/temurin-25.jdk/Contents/Home/lib/libawt_lwawt.dylib
0x0000000105c14000 	/Library/Java/JavaVirtualMachines/temurin-25.jdk/Contents/Home/lib/libosxapp.dylib
0x00000001ae0ec000 	/System/Library/Frameworks/ExceptionHandling.framework/Versions/A/ExceptionHandling
0x00000001060f8000 	/Library/Java/JavaVirtualMachines/temurin-25.jdk/Contents/Home/lib/libfontmanager.dylib
0x0000000105fa8000 	/Library/Java/JavaVirtualMachines/temurin-25.jdk/Contents/Home/lib/libfreetype.dylib
0x0000000191472000 	/System/Library/PrivateFrameworks/ViewBridge.framework/Versions/A/ViewBridge
0x00000001060d8000 	/usr/lib/libobjc-trampolines.dylib
0x00000001ba0ab000 	/System/Library/CoreServices/RawCamera.bundle/Contents/MacOS/RawCamera
0x00000001a212a000 	/System/Library/PrivateFrameworks/StreamingZip.framework/Versions/A/StreamingZip
0x00000001a121a000 	/System/Library/PrivateFrameworks/CoreWiFi.framework/Versions/A/CoreWiFi
0x000000019a28f000 	/System/Library/PrivateFrameworks/MobileAsset.framework/Versions/A/MobileAsset
0x000000026fd8d000 	/usr/lib/libmrc.dylib
0x00000002450b1000 	/System/Library/PrivateFrameworks/IPConfiguration.framework/Versions/A/IPConfiguration
0x00000001d0b38000 	/System/Library/PrivateFrameworks/Netrb.framework/Versions/A/Netrb
0x00000001dbab8000 	/System/Library/PrivateFrameworks/WiFiPeerToPeer.framework/Versions/A/WiFiPeerToPeer
0x00000001b7768000 	/System/Library/PrivateFrameworks/SoftwareUpdateCoreSupport.framework/Versions/A/SoftwareUpdateCoreSupport
0x00000001bf103000 	/System/Library/PrivateFrameworks/SoftwareUpdateCoreConnect.framework/Versions/A/SoftwareUpdateCoreConnect
0x00000001a17a6000 	/System/Library/PrivateFrameworks/RemoteServiceDiscovery.framework/Versions/A/RemoteServiceDiscovery
0x00000001b73ee000 	/System/Library/PrivateFrameworks/MSUDataAccessor.framework/Versions/A/MSUDataAccessor
0x00000001b2be3000 	/usr/lib/libbootpolicy.dylib
0x00000001a17bc000 	/System/Library/PrivateFrameworks/RemoteXPC.framework/Versions/A/RemoteXPC
0x00000001be551000 	/usr/lib/libFDR.dylib
0x00000001c45f8000 	/usr/lib/libamsupport.dylib
0x000000026f4e0000 	/usr/lib/libReverseProxyDevice.dylib
0x0000000231633000 	/System/Library/PrivateFrameworks/AppleDeviceQuerySupport.framework/Versions/A/AppleDeviceQuerySupport
0x00000001c74e5000 	/usr/lib/libpartition2_dynamic.dylib
0x0000000195dc0000 	/System/Library/Frameworks/UserNotifications.framework/Versions/A/UserNotifications
0x000000019a3fb000 	/usr/lib/libTelephonyUtilDynamic.dylib
0x0000000198b98000 	/System/Library/Frameworks/MediaToolbox.framework/Versions/A/MediaToolbox
0x000000019ec06000 	/System/Library/PrivateFrameworks/CoreAVCHD.framework/Versions/A/CoreAVCHD
0x000000019ec02000 	/System/Library/PrivateFrameworks/Mangrove.framework/Versions/A/Mangrove
0x0000000234209000 	/System/Library/PrivateFrameworks/CMPhoto.framework/Versions/A/CMPhoto
0x000000019f361000 	/System/Library/Frameworks/CoreTelephony.framework/Versions/A/CoreTelephony
0x000000019ebf5000 	/System/Library/PrivateFrameworks/CoreAUC.framework/Versions/A/CoreAUC
0x0000000231a75000 	/System/Library/PrivateFrameworks/AppleJPEGXL.framework/Versions/A/AppleJPEGXL
0x00000001b6d94000 	/System/Library/Frameworks/Accelerate.framework/Versions/A/Frameworks/vImage.framework/Versions/A/Libraries/libCGInterfaces.dylib
0x000000026f18d000 	/usr/lib/libAccessibilityBaseImplementations.dylib
0x00000002698b3000 	/System/Library/PrivateFrameworks/WritingToolsUI.framework/Versions/A/WritingToolsUI
0x0000000241f43000 	/System/Library/PrivateFrameworks/GenerativeAssistantSettings.framework/Versions/A/GenerativeAssistantSettings
0x0000000260cdd000 	/System/Library/PrivateFrameworks/TextComposer.framework/Versions/A/TextComposer
0x00000001b0d26000 	/usr/lib/swift/libswiftIntents.dylib
0x0000000270527000 	/usr/lib/swift/libswiftSpatial.dylib
0x00000001e8953000 	/System/Library/Frameworks/AppIntents.framework/Versions/A/AppIntents
0x00000001b7bf4000 	/System/Library/Frameworks/SwiftUI.framework/Versions/A/SwiftUI
0x00000001ae163000 	/System/Library/Frameworks/WebKit.framework/Versions/A/WebKit
0x000000022d8ee000 	/System/Library/Frameworks/_AuthenticationServices_SwiftUI.framework/Versions/A/_AuthenticationServices_SwiftUI
0x00000002304ce000 	/System/Library/PrivateFrameworks/Anvil.framework/Versions/A/Anvil
0x00000001b7269000 	/System/Library/PrivateFrameworks/AppStoreDaemon.framework/Versions/A/AppStoreDaemon
0x00000001a4617000 	/System/Library/PrivateFrameworks/AppleMediaServices.framework/Versions/A/AppleMediaServices
0x00000001b3ce8000 	/System/Library/PrivateFrameworks/AppleMediaServicesUI.framework/Versions/A/AppleMediaServicesUI
0x0000000241f1d000 	/System/Library/PrivateFrameworks/GenerativeAssistantCommon.framework/Versions/A/GenerativeAssistantCommon
0x00000001e4373000 	/System/Library/PrivateFrameworks/JetEngine.framework/Versions/A/JetEngine
0x0000000249a64000 	/System/Library/PrivateFrameworks/LinkMetadata.framework/Versions/A/LinkMetadata
0x00000001b15a8000 	/System/Library/PrivateFrameworks/OnBoardingKit.framework/Versions/A/OnBoardingKit
0x00000002579bd000 	/System/Library/PrivateFrameworks/Settings.framework/Versions/A/Settings
0x0000000195e0e000 	/System/Library/Frameworks/CoreSpotlight.framework/Versions/A/CoreSpotlight
0x0000000249ca5000 	/System/Library/PrivateFrameworks/LinkServices.framework/Versions/A/LinkServices
0x000000023a5c2000 	/System/Library/PrivateFrameworks/DoNotDisturb.framework/Versions/A/DoNotDisturb
0x00000001b5a8c000 	/System/Library/PrivateFrameworks/IntentsCore.framework/Versions/A/IntentsCore
0x0000000232bb4000 	/System/Library/PrivateFrameworks/AvailabilityKit.framework/Versions/A/AvailabilityKit
0x000000023071e000 	/System/Library/PrivateFrameworks/AppIntentSchemas.framework/Versions/A/AppIntentSchemas
0x000000025f7f3000 	/System/Library/PrivateFrameworks/StatusKit.framework/Versions/A/StatusKit
0x0000000255cef000 	/System/Library/PrivateFrameworks/RecapPerformanceTesting.framework/Versions/A/RecapPerformanceTesting
0x00000001b1598000 	/System/Library/PrivateFrameworks/SignpostCollection.framework/Versions/A/SignpostCollection
0x000000026f54a000 	/usr/lib/libSpatial.dylib
0x00000001a400d000 	/System/Library/Frameworks/WebKit.framework/Versions/A/Frameworks/WebKitLegacy.framework/Versions/A/WebKitLegacy
0x00000001a1f53000 	/System/Library/PrivateFrameworks/CorePrediction.framework/Versions/A/CorePrediction
0x0000000192464000 	/System/Library/Frameworks/WebKit.framework/Versions/A/Frameworks/WebCore.framework/Versions/A/Frameworks/libwebrtc.dylib
0x00000001ae0ef000 	/System/Library/PrivateFrameworks/SafariSafeBrowsing.framework/Versions/A/SafariSafeBrowsing
0x0000000199f27000 	/System/Library/Frameworks/SecurityInterface.framework/Versions/A/SecurityInterface
0x00000001b15a7000 	/System/Library/PrivateFrameworks/WebInspectorUI.framework/Versions/A/WebInspectorUI
0x00000001a6912000 	/System/Library/Frameworks/JavaScriptCore.framework/Versions/A/JavaScriptCore
0x00000001aa6d3000 	/System/Library/Frameworks/WebKit.framework/Versions/A/Frameworks/WebCore.framework/Versions/A/WebCore
0x00000001e9331000 	/System/Library/Frameworks/BrowserEngineCore.framework/Versions/A/BrowserEngineCore
0x000000022d44c000 	/System/Library/Frameworks/WebKit.framework/Versions/A/Frameworks/WebCore.framework/Versions/A/Frameworks/libANGLE-shared.dylib
0x00000002684aa000 	/System/Library/PrivateFrameworks/WebGPU.framework/Versions/A/WebGPU
0x00000001b337a000 	/System/Library/Frameworks/SceneKit.framework/Versions/A/SceneKit
0x00000001c39a9000 	/System/Library/Frameworks/ModelIO.framework/Versions/A/ModelIO
0x000000019b862000 	/System/Library/Frameworks/MetalKit.framework/Versions/A/MetalKit
0x000000019d941000 	/System/Library/Frameworks/GLKit.framework/Versions/A/GLKit
0x0000000270a60000 	/usr/lib/usd/libusd_ms.dylib
0x0000000264af2000 	/System/Library/PrivateFrameworks/USDLib_FormatLoaderProxy.framework/Versions/A/USDLib_FormatLoaderProxy
0x00000001b07ae000 	/System/Library/PrivateFrameworks/CoreOptimization.framework/Versions/A/CoreOptimization
0x0000000232a87000 	/System/Library/PrivateFrameworks/AuthenticationServicesCore.framework/Versions/A/AuthenticationServicesCore
0x00000001ba50b000 	/System/Library/Frameworks/AuthenticationServices.framework/Versions/A/AuthenticationServices
0x00000001978e2000 	/System/Library/PrivateFrameworks/SharedWebCredentials.framework/Versions/A/SharedWebCredentials
0x00000001b23e4000 	/System/Library/PrivateFrameworks/SafariCore.framework/Versions/A/SafariCore
0x00000001ba063000 	/System/Library/PrivateFrameworks/SafariFoundation.framework/Versions/A/SafariFoundation
0x0000000233bf1000 	/System/Library/PrivateFrameworks/CBORLibrary.framework/Versions/A/CBORLibrary
0x0000000234999000 	/System/Library/PrivateFrameworks/Chirp.framework/Versions/A/Chirp
0x00000001e5605000 	/System/Library/PrivateFrameworks/RemoteManagement.framework/Versions/A/RemoteManagement
0x0000000256045000 	/System/Library/PrivateFrameworks/RemoteManagementModel.framework/Versions/A/RemoteManagementModel
0x00000002560d2000 	/System/Library/PrivateFrameworks/RemoteManagementStore.framework/Versions/A/RemoteManagementStore
0x000000019b880000 	/usr/lib/libxcselect.dylib
0x00000001b9fd2000 	/System/Library/PrivateFrameworks/DifferentialPrivacy.framework/Versions/A/DifferentialPrivacy
0x000000019e610000 	/System/Library/Frameworks/Contacts.framework/Versions/A/Contacts
0x0000000265316000 	/System/Library/PrivateFrameworks/VDAF.framework/Versions/A/VDAF
0x000000019e42d000 	/System/Library/PrivateFrameworks/ContactsPersistence.framework/Versions/A/ContactsPersistence
0x000000019d644000 	/System/Library/PrivateFrameworks/AppleLDAP.framework/Versions/A/AppleLDAP
0x00000001a1bfa000 	/System/Library/Frameworks/ClassKit.framework/Versions/A/ClassKit
0x00000001a3d39000 	/System/Library/PrivateFrameworks/CoreSuggestions.framework/Versions/A/CoreSuggestions
0x000000019e360000 	/System/Library/PrivateFrameworks/ContactsFoundation.framework/Versions/A/ContactsFoundation
0x000000019f901000 	/System/Library/PrivateFrameworks/vCard.framework/Versions/A/vCard
0x00000002361bc000 	/System/Library/PrivateFrameworks/ContactsMetrics.framework/Versions/A/ContactsMetrics
0x0000000197cfe000 	/System/Library/PrivateFrameworks/login.framework/Versions/A/login
0x000000024bded000 	/System/Library/PrivateFrameworks/ManagedOrganizationContacts.framework/Versions/A/ManagedOrganizationContacts
0x0000000191bd0000 	/System/Library/PrivateFrameworks/CloudDocs.framework/Versions/A/CloudDocs
0x00000001a3328000 	/System/Library/PrivateFrameworks/ConfigurationProfiles.framework/Versions/A/ConfigurationProfiles
0x0000000239b42000 	/System/Library/PrivateFrameworks/DMCUtilities.framework/Versions/A/DMCUtilities
0x000000024a080000 	/System/Library/PrivateFrameworks/MDMClientLibrary.framework/Versions/A/MDMClientLibrary
0x00000002560c6000 	/System/Library/PrivateFrameworks/RemoteManagementProtocol.framework/Versions/A/RemoteManagementProtocol
0x000000026f356000 	/usr/lib/libEndpointSecuritySystem.dylib
0x000000019dd6a000 	/System/Library/PrivateFrameworks/SystemAdministration.framework/Versions/A/SystemAdministration
0x00000001a8218000 	/System/Library/PrivateFrameworks/PowerlogControl.framework/Versions/A/PowerlogControl
0x00000001953c0000 	/System/Library/Frameworks/ServiceManagement.framework/Versions/A/ServiceManagement
0x00000001a821a000 	/usr/lib/libUniversalAccess.dylib
0x00000001a4ee5000 	/System/Library/PrivateFrameworks/FamilyControls.framework/Versions/A/FamilyControls
0x000000019d5f5000 	/System/Library/Frameworks/DirectoryService.framework/Versions/A/DirectoryService
0x00000001a18e8000 	/System/Library/PrivateFrameworks/LoginUIKit.framework/Versions/A/Frameworks/LoginUICore.framework/Versions/A/LoginUICore
0x0000000197eee000 	/usr/lib/libodfde.dylib
0x00000001a4edf000 	/System/Library/PrivateFrameworks/UniversalAccess.framework/Versions/A/Libraries/libUAPreferences.dylib
0x00000001a4f09000 	/System/Library/PrivateFrameworks/CommerceKit.framework/Versions/A/Frameworks/CommerceCore.framework/Versions/A/CommerceCore
0x0000000239af0000 	/System/Library/PrivateFrameworks/DEPClientLibrary.framework/Versions/A/DEPClientLibrary
0x0000000239b10000 	/System/Library/PrivateFrameworks/DMCEnrollmentLibrary.framework/Versions/A/DMCEnrollmentLibrary
0x00000001a82fe000 	/System/Library/PrivateFrameworks/SetupAssistantFramework.framework/Versions/A/SetupAssistantFramework
0x00000001a1fad000 	/System/Library/PrivateFrameworks/AuthKitUI.framework/Versions/A/AuthKitUI
0x00000001a1932000 	/System/Library/PrivateFrameworks/AppSSO.framework/Versions/A/AppSSO
0x00000001b6fcf000 	/System/Library/PrivateFrameworks/LocalAuthenticationUI.framework/Versions/A/LocalAuthenticationUI
0x0000000254284000 	/System/Library/PrivateFrameworks/PlatformSSO.framework/Versions/A/PlatformSSO
0x00000001b79bc000 	/System/Library/PrivateFrameworks/AOSUI.framework/Versions/A/AOSUI
0x00000001a9d8f000 	/System/Library/Frameworks/ContactsUI.framework/Versions/A/ContactsUI
0x000000019e847000 	/System/Library/PrivateFrameworks/FamilyCircle.framework/Versions/A/FamilyCircle
0x00000001c5058000 	/System/Library/Frameworks/LinkPresentation.framework/Versions/A/LinkPresentation
0x0000000254350000 	/System/Library/PrivateFrameworks/PlatformSSOCore.framework/Versions/A/PlatformSSOCore
0x00000001a9aa1000 	/System/Library/PrivateFrameworks/IASUtilities.framework/Versions/A/IASUtilities
0x0000000244f84000 	/System/Library/PrivateFrameworks/IASUtilitiesCore.framework/Versions/A/IASUtilitiesCore
0x0000000249f68000 	/System/Library/PrivateFrameworks/LocalAuthenticationCoreUI.framework/Versions/A/LocalAuthenticationCoreUI
0x00000001b0a43000 	/System/Library/Frameworks/LocalAuthentication.framework/Support/DaemonUtils.framework/Versions/A/DaemonUtils
0x00000001b3caf000 	/System/Library/PrivateFrameworks/BridgeXPC.framework/Versions/A/BridgeXPC
0x0000000197d22000 	/System/Library/PrivateFrameworks/CoreBrightness.framework/Versions/A/CoreBrightness
0x00000001b1681000 	/System/Library/PrivateFrameworks/CoreKDL.framework/Versions/A/CoreKDL
0x00000001afeab000 	/System/Library/PrivateFrameworks/EmbeddedOSSupportHost.framework/Versions/A/EmbeddedOSSupportHost
0x0000000260506000 	/System/Library/PrivateFrameworks/SystemStatus.framework/Versions/A/SystemStatus
0x00000001bf132000 	/System/Library/PrivateFrameworks/StorageKit.framework/Versions/A/StorageKit
0x00000001e6c7f000 	/System/Library/Frameworks/DeviceCheck.framework/Versions/A/DeviceCheck
0x00000001e9faa000 	/System/Library/Frameworks/FSKit.framework/Versions/A/FSKit
0x000000023a2e0000 	/System/Library/PrivateFrameworks/DiskImages2.framework/Versions/A/DiskImages2
0x0000000249df5000 	/System/Library/PrivateFrameworks/LiveFS.framework/Versions/A/LiveFS
0x000000026cbf5000 	/System/Library/PrivateFrameworks/icloudMCCKit.framework/Versions/A/icloudMCCKit
0x000000023141c000 	/System/Library/PrivateFrameworks/AppleAccountUI.framework/Versions/A/AppleAccountUI
0x00000002354bf000 	/System/Library/PrivateFrameworks/CloudSubscriptionFeatures.framework/Versions/A/CloudSubscriptionFeatures
0x00000001d0b40000 	/System/Library/PrivateFrameworks/PreferencePanesSupport.framework/Versions/A/PreferencePanesSupport
0x00000001b7b6c000 	/System/Library/PrivateFrameworks/FindMyDeviceUI.framework/Versions/A/FindMyDeviceUI
0x000000026a82d000 	/System/Library/PrivateFrameworks/iCloudQuotaUI.framework/Versions/A/iCloudQuotaUI
0x00000001d0cf3000 	/System/Library/PrivateFrameworks/CoreCDPUI.framework/Versions/A/CoreCDPUI
0x00000001b214b000 	/System/Library/PrivateFrameworks/CoreFollowUpUI.framework/Versions/A/CoreFollowUpUI
0x0000000199f60000 	/System/Library/PrivateFrameworks/CoreFollowUp.framework/Versions/A/CoreFollowUp
0x00000001bdead000 	/System/Library/PrivateFrameworks/IMCore.framework/Versions/A/IMCore
0x00000001a8280000 	/System/Library/PrivateFrameworks/CoreCDP.framework/Versions/A/CoreCDP
0x00000001a4609000 	/System/Library/PrivateFrameworks/AskPermission.framework/Versions/A/AskPermission
0x00000001b5a07000 	/System/Library/Frameworks/Quartz.framework/Versions/A/Quartz
0x00000001c19d6000 	/System/Library/PrivateFrameworks/CloudPhotoServicesConfiguration.framework/Versions/A/CloudPhotoServicesConfiguration
0x00000001b441d000 	/System/Library/PrivateFrameworks/CommerceKit.framework/Versions/A/CommerceKit
0x00000001c3314000 	/System/Library/PrivateFrameworks/FindMyMac.framework/Versions/A/FindMyMac
0x00000001c31eb000 	/System/Library/Frameworks/PreferencePanes.framework/Versions/A/PreferencePanes
0x00000001b70c7000 	/System/Library/Frameworks/AddressBook.framework/Versions/A/AddressBook
0x00000001a35f1000 	/System/Library/PrivateFrameworks/AOSAccounts.framework/Versions/A/AOSAccounts
0x000000019dd64000 	/System/Library/PrivateFrameworks/AppleSRP.framework/Versions/A/AppleSRP
0x00000001b095d000 	/System/Library/Frameworks/SafariServices.framework/Versions/A/SafariServices
0x00000001a210f000 	/System/Library/PrivateFrameworks/NetFSServer.framework/Versions/A/NetFSServer
0x00000001b3253000 	/System/Library/Frameworks/PDFKit.framework/Versions/A/PDFKit
0x00000001c420c000 	/System/Library/PrivateFrameworks/EmailFoundation.framework/Versions/A/EmailFoundation
0x00000001c3248000 	/System/Library/PrivateFrameworks/EmailCore.framework/Versions/A/EmailCore
0x00000001c7038000 	/System/Library/PrivateFrameworks/EmailAddressing.framework/Versions/A/EmailAddressing
0x00000001c7044000 	/System/Library/PrivateFrameworks/Email.framework/Versions/A/Email
0x00000001ef49b000 	/System/Library/Frameworks/TabularData.framework/Versions/A/TabularData
0x0000000270507000 	/usr/lib/swift/libswiftPassKit.dylib
0x0000000232cf6000 	/System/Library/PrivateFrameworks/BackgroundSystemTasks.framework/Versions/A/BackgroundSystemTasks
0x0000000249ff7000 	/System/Library/PrivateFrameworks/LockdownMode.framework/Versions/A/LockdownMode
0x000000019e841000 	/System/Library/PrivateFrameworks/CommunicationsFilter.framework/Versions/A/CommunicationsFilter
0x00000001d4804000 	/System/Library/Frameworks/PassKit.framework/Versions/A/PassKit
0x00000001a5a09000 	/System/Library/PrivateFrameworks/PassKitCore.framework/Versions/A/PassKitCore
0x000000025183b000 	/System/Library/PrivateFrameworks/PassKitMacHelperTemp.framework/Versions/A/PassKitMacHelperTemp
0x000000023075b000 	/System/Library/PrivateFrameworks/AppIntentsServices.framework/Versions/A/AppIntentsServices
0x00000001a3207000 	/System/Library/PrivateFrameworks/CoreRecents.framework/Versions/A/CoreRecents
0x00000001b0a90000 	/System/Library/PrivateFrameworks/BiometricKit.framework/Versions/A/BiometricKit
0x0000000256a83000 	/System/Library/PrivateFrameworks/SEService.framework/Versions/A/SEService
0x00000001a3e05000 	/System/Library/Frameworks/EventKit.framework/Versions/A/EventKit
0x00000001b5aac000 	/System/Library/PrivateFrameworks/NearField.framework/Versions/A/NearField
0x00000001b77e4000 	/System/Library/PrivateFrameworks/FTClientServices.framework/Versions/A/FTClientServices
0x00000001d0561000 	/System/Library/PrivateFrameworks/DiagnosticRequest.framework/Versions/A/DiagnosticRequest
0x000000026f504000 	/usr/lib/libSESShared.dylib
0x0000000256c24000 	/System/Library/PrivateFrameworks/STSXPCHelperClient.framework/Versions/A/STSXPCHelperClient
0x00000002602d9000 	/System/Library/PrivateFrameworks/Symptoms.framework/Versions/A/Frameworks/SymptomPresentationFeed.framework/Versions/A/SymptomPresentationFeed
0x0000000231ccf000 	/System/Library/PrivateFrameworks/AppleMediaServicesKitInternal.framework/Versions/A/AppleMediaServicesKitInternal
0x0000000260054000 	/System/Library/PrivateFrameworks/SymptomShared.framework/Versions/A/SymptomShared
0x0000000234529000 	/System/Library/PrivateFrameworks/CalendarDatabase.framework/Versions/A/CalendarDatabase
0x000000023447d000 	/System/Library/PrivateFrameworks/CalendarDaemon.framework/Versions/A/CalendarDaemon
0x00000001a325c000 	/System/Library/PrivateFrameworks/CalendarFoundation.framework/Versions/A/CalendarFoundation
0x00000001a3218000 	/System/Library/PrivateFrameworks/iCalendar.framework/Versions/A/iCalendar
0x0000000239d77000 	/System/Library/PrivateFrameworks/DataAccessExpress.framework/Versions/A/DataAccessExpress
0x00000001a9933000 	/System/Library/PrivateFrameworks/CoreDAV.framework/Versions/A/CoreDAV
0x00000001a3cda000 	/System/Library/PrivateFrameworks/CalDAV.framework/Versions/A/CalDAV
0x00000001ade4c000 	/System/Library/PrivateFrameworks/TelephonyUtilities.framework/Versions/A/TelephonyUtilities
0x00000001b2216000 	/System/Library/Frameworks/CallKit.framework/Versions/A/CallKit
0x00000001d9e4f000 	/System/Library/PrivateFrameworks/IMTransferServices.framework/Versions/A/IMTransferServices
0x00000001b07c8000 	/System/Library/PrivateFrameworks/IncomingCallFilter.framework/Versions/A/IncomingCallFilter
0x000000024f141000 	/System/Library/PrivateFrameworks/NeighborhoodActivityConduit.framework/Versions/A/NeighborhoodActivityConduit
0x000000026f32c000 	/usr/lib/libBASupport.dylib
0x00000001bdc57000 	/System/Library/PrivateFrameworks/SpotlightReceiver.framework/Versions/A/SpotlightReceiver
0x00000001b7485000 	/usr/lib/libnfshared.dylib
0x00000001d7032000 	/System/Library/PrivateFrameworks/PassKitUIFoundation.framework/Versions/A/PassKitUIFoundation
0x000000019d656000 	/System/Library/Frameworks/MapKit.framework/Versions/A/MapKit
0x00000001e9f6e000 	/System/Library/Frameworks/ExtensionKit.framework/Versions/A/ExtensionKit
0x00000002423a6000 	/System/Library/PrivateFrameworks/GeoAnalytics.framework/Versions/A/GeoAnalytics
0x00000001b17d6000 	/System/Library/PrivateFrameworks/SearchFoundation.framework/Versions/A/SearchFoundation
0x00000001b74bb000 	/System/Library/PrivateFrameworks/Navigation.framework/Versions/A/Navigation
0x00000001c04f7000 	/System/Library/PrivateFrameworks/VectorKit.framework/Versions/A/VectorKit
0x00000001a9b69000 	/System/Library/PrivateFrameworks/VirtualGarage.framework/Versions/A/VirtualGarage
0x00000001b7634000 	/System/Library/Frameworks/ExternalAccessory.framework/ExternalAccessory
0x00000001b764e000 	/System/Library/PrivateFrameworks/IAP.framework/Versions/A/IAP
0x000000019d909000 	/System/Library/PrivateFrameworks/IOPlatformPluginFamily.framework/Versions/A/IOPlatformPluginFamily
0x0000000232bb7000 	/System/Library/PrivateFrameworks/AvatarKit.framework/Versions/A/AvatarKit
0x0000000232c6f000 	/System/Library/PrivateFrameworks/AvatarPersistence.framework/Versions/A/AvatarPersistence
0x000000025613b000 	/System/Library/PrivateFrameworks/RemoteUI.framework/Versions/A/RemoteUI
0x000000019da0d000 	/usr/lib/libCTGreenTeaLogger.dylib
0x00000001ef6c5000 	/System/Library/Frameworks/TipKit.framework/Versions/A/TipKit
0x00000001d27bb000 	/System/Library/PrivateFrameworks/AppleCVA.framework/Versions/A/AppleCVA
0x0000000232c6e000 	/System/Library/PrivateFrameworks/AvatarKitContent.framework/Versions/A/AvatarKitContent
0x000000019da35000 	/System/Library/PrivateFrameworks/CoreAppleCVA.framework/Versions/A/CoreAppleCVA
0x0000000248e33000 	/System/Library/PrivateFrameworks/LiftUI.framework/Versions/A/LiftUI
0x000000023542e000 	/System/Library/PrivateFrameworks/CloudSettings.framework/Versions/A/CloudSettings
0x00000001b03f2000 	/System/Library/PrivateFrameworks/CoreRoutine.framework/Versions/A/CoreRoutine
0x00000001bec87000 	/System/Library/PrivateFrameworks/Categories.framework/Versions/A/Categories
0x000000023592e000 	/System/Library/PrivateFrameworks/Coherence.framework/Versions/A/Coherence
0x00000001add47000 	/System/Library/PrivateFrameworks/CoreParsec.framework/Versions/A/CoreParsec
0x0000000251eca000 	/System/Library/PrivateFrameworks/PegasusAPI.framework/Versions/A/PegasusAPI
0x0000000252b98000 	/System/Library/PrivateFrameworks/PegasusConfiguration.framework/Versions/A/PegasusConfiguration
0x0000000249fce000 	/System/Library/PrivateFrameworks/LocalStatusKit.framework/Versions/A/LocalStatusKit
0x00000001b23ca000 	/System/Library/PrivateFrameworks/ContextKit.framework/Versions/A/ContextKit
0x00000002362e9000 	/System/Library/PrivateFrameworks/ContextKitCore.framework/Versions/A/ContextKitCore
0x00000001b77e8000 	/System/Library/PrivateFrameworks/CharacterPicker.framework/Versions/A/CharacterPicker
0x00000001b08cf000 	/System/Library/PrivateFrameworks/ContactsDonation.framework/Versions/A/ContactsDonation
0x00000001a9c8b000 	/System/Library/PrivateFrameworks/ContactsUICore.framework/Versions/A/ContactsUICore
0x00000001b01d5000 	/System/Library/PrivateFrameworks/DataDetectors.framework/Versions/A/DataDetectors
0x00000001a3cc6000 	/System/Library/Frameworks/MediaLibrary.framework/Versions/A/MediaLibrary
0x000000019e830000 	/System/Library/PrivateFrameworks/PersonaKit.framework/Versions/A/PersonaKit
0x00000001a9c79000 	/System/Library/PrivateFrameworks/PersonaUI.framework/Versions/A/PersonaUI
0x0000000245845000 	/System/Library/PrivateFrameworks/InputToolKitUI.framework/Versions/A/InputToolKitUI
0x0000000245830000 	/System/Library/PrivateFrameworks/InputToolKit.framework/Versions/A/InputToolKit
0x000000025f92c000 	/System/Library/PrivateFrameworks/Stickers.framework/Versions/A/Stickers
0x000000024579e000 	/System/Library/PrivateFrameworks/InputAnalytics.framework/Versions/A/InputAnalytics
0x00000001b935f000 	/System/Library/PrivateFrameworks/EmojiFoundation.framework/Versions/A/EmojiFoundation
0x000000023b718000 	/System/Library/PrivateFrameworks/FeedbackService.framework/Versions/A/FeedbackService
0x000000019e4ac000 	/System/Library/PrivateFrameworks/AddressBookCore.framework/Versions/A/AddressBookCore
0x00000001b20cb000 	/System/Library/PrivateFrameworks/IntlPreferences.framework/Versions/A/IntlPreferences
0x00000001b724a000 	/System/Library/PrivateFrameworks/ToneKit.framework/Versions/A/ToneKit
0x00000001b2111000 	/System/Library/PrivateFrameworks/ToneLibrary.framework/Versions/A/ToneLibrary
0x0000000236182000 	/System/Library/PrivateFrameworks/ContactsAccounts.framework/Versions/A/ContactsAccounts
0x00000001c2c0a000 	/System/Library/PrivateFrameworks/Transparency.framework/Versions/A/Transparency
0x00000001b5924000 	/System/Library/PrivateFrameworks/Lookup.framework/Versions/A/Lookup
0x00000001ed899000 	/System/Library/Frameworks/QuickLookUI.framework/Versions/A/QuickLookUI
0x00000001ee279000 	/System/Library/Frameworks/ScreenCaptureKit.framework/Versions/A/ScreenCaptureKit
0x00000001b2d67000 	/System/Library/Frameworks/Quartz.framework/Versions/A/Frameworks/QuartzComposer.framework/Versions/A/QuartzComposer
0x00000001b20a2000 	/System/Library/Frameworks/Quartz.framework/Versions/A/Frameworks/QuartzFilters.framework/Versions/A/QuartzFilters
0x00000001b1188000 	/System/Library/Frameworks/Quartz.framework/Versions/A/Frameworks/ImageKit.framework/Versions/A/ImageKit
0x00000001e85ee000 	/System/Library/Frameworks/OpenCL.framework/Versions/A/OpenCL
0x00000001af8d4000 	/System/Library/PrivateFrameworks/CorePDF.framework/Versions/A/CorePDF
0x000000019b7f9000 	/System/Library/Frameworks/QuickLook.framework/Versions/A/QuickLook
0x00000001a590e000 	/System/Library/PrivateFrameworks/DisplayServices.framework/Versions/A/DisplayServices
0x00000001b2012000 	/System/Library/Frameworks/ImageCaptureCore.framework/Versions/A/ImageCaptureCore
0x0000000266dcb000 	/System/Library/PrivateFrameworks/VisionKitCore.framework/Versions/A/VisionKitCore
0x00000001add17000 	/System/Library/PrivateFrameworks/QuickLookSupport.framework/Versions/A/QuickLookSupport
0x000000024c657000 	/System/Library/PrivateFrameworks/MediaAnalysisServices.framework/Versions/A/MediaAnalysisServices
0x00000001b4913000 	/System/Library/PrivateFrameworks/PhotoLibraryServices.framework/Versions/A/PhotoLibraryServices
0x00000001b1c5b000 	/System/Library/Frameworks/Photos.framework/Versions/A/Photos
0x00000001c5439000 	/System/Library/PrivateFrameworks/PhotosFormats.framework/Versions/A/PhotosFormats
0x00000001c1a08000 	/System/Library/PrivateFrameworks/CloudPhotoLibrary.framework/Versions/A/CloudPhotoLibrary
0x00000001caa2a000 	/System/Library/PrivateFrameworks/CloudPhotoServices.framework/Versions/A/CloudPhotoServices
0x00000001c71c1000 	/System/Library/PrivateFrameworks/CoreMediaStream.framework/Versions/A/CoreMediaStream
0x000000019ee5c000 	/System/Library/PrivateFrameworks/CPAnalytics.framework/Versions/A/CPAnalytics
0x00000001c38ae000 	/System/Library/PrivateFrameworks/MediaConversionService.framework/Versions/A/MediaConversionService
0x00000001a557b000 	/System/Library/PrivateFrameworks/PhotoFoundation.framework/Versions/A/PhotoFoundation
0x0000000253130000 	/System/Library/PrivateFrameworks/PhotoLibraryServicesCore.framework/Versions/A/PhotoLibraryServicesCore
0x00000001bd608000 	/System/Library/PrivateFrameworks/MMCS.framework/Versions/A/MMCS
0x00000001a3b2f000 	/System/Library/PrivateFrameworks/ChunkingLibrary.framework/Versions/A/ChunkingLibrary
0x000000019dd0f000 	/System/Library/PrivateFrameworks/AssetCacheServices.framework/Versions/A/AssetCacheServices
0x000000019fa37000 	/System/Library/PrivateFrameworks/AVFoundationCF.framework/Versions/A/AVFoundationCF
0x00000001d9d4c000 	/usr/lib/swift/libswiftDemangle.dylib
0x00000001b0452000 	/System/Library/PrivateFrameworks/MediaStream.framework/Versions/A/MediaStream
0x00000001c3dc8000 	/System/Library/PrivateFrameworks/NeutrinoCore.framework/Versions/A/NeutrinoCore
0x000000018ef75000 	/System/Library/PrivateFrameworks/NLP.framework/Versions/A/NLP
0x00000001c97d6000 	/System/Library/PrivateFrameworks/PhotoImaging.framework/Versions/A/PhotoImaging
0x00000001ca9eb000 	/System/Library/PrivateFrameworks/PhotosImagingFoundation.framework/Versions/A/PhotosImagingFoundation
0x0000000253c0b000 	/System/Library/PrivateFrameworks/PhotosIntelligenceCore.framework/Versions/A/PhotosIntelligenceCore
0x000000019fece000 	/System/Library/PrivateFrameworks/EmbeddedAcousticRecognition.framework/Versions/A/EmbeddedAcousticRecognition
0x00000001c1c6f000 	/System/Library/PrivateFrameworks/SDAPI.framework/Versions/A/SDAPI
0x00000001caa38000 	/System/Library/PrivateFrameworks/AutoLoop.framework/Versions/A/AutoLoop
0x0000000254674000 	/System/Library/PrivateFrameworks/Portrait.framework/Versions/A/Portrait
0x00000002314c5000 	/System/Library/PrivateFrameworks/AppleDepth.framework/Versions/A/AppleDepth
0x000000023c2ae000 	/System/Library/PrivateFrameworks/FusionTracker.framework/Versions/A/FusionTracker
0x00000002315b3000 	/System/Library/PrivateFrameworks/AppleDepthCore.framework/Versions/A/AppleDepthCore
0x00000001b2827000 	/System/Library/PrivateFrameworks/iTunesCloud.framework/Versions/A/iTunesCloud
0x00000001bb0cd000 	/System/Library/PrivateFrameworks/DAAPKit.framework/Versions/A/DAAPKit
0x000000027058b000 	/usr/lib/swift/libswiftVideoToolbox.dylib
0x00000001ae028000 	/System/Library/PrivateFrameworks/DeviceManagement.framework/Versions/A/DeviceManagement
0x00000001d04c0000 	/System/Library/PrivateFrameworks/ScreenTimeUI.framework/Versions/A/ScreenTimeUI
0x00000001b01cf000 	/System/Library/PrivateFrameworks/QuickLookNonBaseSystem.framework/Versions/A/QuickLookNonBaseSystem
0x00000001b099e000 	/System/Library/PrivateFrameworks/Catalyst.framework/Versions/A/Catalyst
0x000000024bdf3000 	/System/Library/PrivateFrameworks/ManagedSettingsObjC.framework/Versions/A/ManagedSettingsObjC
0x00000001b22b8000 	/System/Library/PrivateFrameworks/ScreenTimeCore.framework/Versions/A/ScreenTimeCore
0x00000001c499c000 	/System/Library/PrivateFrameworks/ScreenTimeServiceUI.framework/Versions/A/ScreenTimeServiceUI
0x00000001bd793000 	/System/Library/PrivateFrameworks/ConfigurationEngineModel.framework/Versions/A/ConfigurationEngineModel
0x00000001c04b3000 	/System/Library/PrivateFrameworks/UsageTracking.framework/Versions/A/UsageTracking
0x00000001e9d6f000 	/System/Library/Frameworks/DeviceActivity.framework/Versions/A/DeviceActivity
0x00000001c0483000 	/System/Library/PrivateFrameworks/KnowledgeMonitor.framework/Versions/A/KnowledgeMonitor
0x00000001d6fd7000 	/System/Library/PrivateFrameworks/BluetoothManager.framework/Versions/A/BluetoothManager
0x00000001eaeca000 	/System/Library/Frameworks/ManagedSettings.framework/Versions/A/ManagedSettings
0x000000024be2c000 	/System/Library/PrivateFrameworks/ManagedSettingsSupport.framework/Versions/A/ManagedSettingsSupport
0x00000001d48d4000 	/System/Library/Frameworks/ReplayKit.framework/Versions/A/ReplayKit
0x00000001a68a7000 	/System/Library/PrivateFrameworks/MarkupUI.framework/Versions/A/MarkupUI
0x00000001b01a7000 	/System/Library/PrivateFrameworks/SidecarCore.framework/Versions/A/SidecarCore
0x00000001b2c28000 	/System/Library/PrivateFrameworks/AnnotationKit.framework/Versions/A/AnnotationKit
0x00000001ef825000 	/System/Library/Frameworks/Translation.framework/Versions/A/Translation
0x00000001cc3ff000 	/System/Library/PrivateFrameworks/RevealCore.framework/Versions/A/RevealCore
0x00000001cc3f3000 	/System/Library/PrivateFrameworks/Reveal.framework/Versions/A/Reveal
0x0000000263bd3000 	/System/Library/PrivateFrameworks/TranslationUIServices.framework/Versions/A/TranslationUIServices
0x00000001b13ce000 	/System/Library/Frameworks/PencilKit.framework/Versions/A/PencilKit
0x00000001b1583000 	/System/Library/PrivateFrameworks/SidecarUI.framework/Versions/A/SidecarUI
0x00000001b0d7b000 	/System/Library/PrivateFrameworks/CoreHandwriting.framework/Versions/A/CoreHandwriting
0x0000000189137000 	/usr/lib/libmecabra.dylib
0x00000001aa102000 	/System/Library/PrivateFrameworks/Calculate.framework/Versions/A/Calculate
0x0000000197696000 	/usr/lib/libChineseTokenizer.dylib
0x00000001e552e000 	/System/Library/PrivateFrameworks/ScreenReaderCore.framework/Versions/A/ScreenReaderCore
0x000000025fd03000 	/System/Library/PrivateFrameworks/StocksKit.framework/Versions/A/StocksKit
0x00000001a927b000 	/System/Library/PrivateFrameworks/OAuth.framework/Versions/A/OAuth
0x000000025f9b0000 	/System/Library/PrivateFrameworks/StocksCore.framework/Versions/A/StocksCore
0x0000000260a14000 	/System/Library/PrivateFrameworks/TeaFoundation.framework/Versions/A/TeaFoundation
0x0000000260bfd000 	/System/Library/PrivateFrameworks/TeaSettings.framework/Versions/A/TeaSettings
0x00000001db116000 	/System/Library/PrivateFrameworks/NewsCore.framework/Versions/A/NewsCore
0x00000002609b1000 	/System/Library/PrivateFrameworks/TeaDB.framework/Versions/A/TeaDB
0x00000001d7dc0000 	/System/Library/PrivateFrameworks/RemoteConfiguration.framework/Versions/A/RemoteConfiguration
0x00000001dad50000 	/System/Library/PrivateFrameworks/NewsTransport.framework/Versions/A/NewsTransport
0x00000001db106000 	/System/Library/PrivateFrameworks/NewsFoundation.framework/Versions/A/NewsFoundation
0x000000024f689000 	/System/Library/PrivateFrameworks/NewsURLBucket.framework/Versions/A/NewsURLBucket
0x00000001b4647000 	/System/Library/PrivateFrameworks/MobileInstallation.framework/Versions/A/MobileInstallation
0x0000000262c1a000 	/System/Library/PrivateFrameworks/TipKitCore.framework/Versions/A/TipKitCore
0x00000001b93e2000 	/System/Library/PrivateFrameworks/CoreCDPInternal.framework/Versions/A/CoreCDPInternal
0x00000001a91cd000 	/System/Library/PrivateFrameworks/AccountsDaemon.framework/Versions/A/AccountsDaemon
0x0000000255d7d000 	/System/Library/PrivateFrameworks/RegulatoryDomain.framework/Versions/A/RegulatoryDomain
0x00000001d0cf0000 	/System/Library/PrivateFrameworks/MachineSettings.framework/Versions/A/MachineSettings
0x00000001c316e000 	/System/Library/PrivateFrameworks/BezelServices.framework/Versions/A/BezelServices
0x00000001bb156000 	/System/Library/PrivateFrameworks/SPOwner.framework/Versions/A/SPOwner
0x00000001b4482000 	/System/Library/PrivateFrameworks/FMCore.framework/Versions/A/FMCore
0x000000026a78a000 	/System/Library/PrivateFrameworks/iCloudQuota.framework/Versions/A/iCloudQuota
0x00000001a9bfe000 	/System/Library/PrivateFrameworks/CoreRecognition.framework/Versions/A/CoreRecognition
0x00000001c3223000 	/System/Library/PrivateFrameworks/InAppMessages.framework/Versions/A/InAppMessages
0x00000001e427a000 	/System/Library/PrivateFrameworks/JetUI.framework/Versions/A/JetUI
0x0000000248b8f000 	/System/Library/PrivateFrameworks/JetPack.framework/Versions/A/JetPack
0x00000001c321a000 	/System/Library/PrivateFrameworks/InAppMessagesCore.framework/Versions/A/InAppMessagesCore
0x0000000269e82000 	/System/Library/PrivateFrameworks/_JetEngine_SwiftUI.framework/Versions/A/_JetEngine_SwiftUI
0x0000000260301000 	/System/Library/PrivateFrameworks/Synapse.framework/Versions/A/Synapse
0x0000000234319000 	/System/Library/PrivateFrameworks/CSExattrCrypto.framework/Versions/A/CSExattrCrypto
0x00000001a558c000 	/System/Library/PrivateFrameworks/IMSharedUtilities.framework/Versions/A/IMSharedUtilities
0x00000001be541000 	/System/Library/Frameworks/InstantMessage.framework/Versions/A/InstantMessage
0x00000001b6fc8000 	/System/Library/PrivateFrameworks/IDSKVStore.framework/Versions/A/IDSKVStore
0x00000001b6e08000 	/System/Library/PrivateFrameworks/IMDPersistence.framework/Versions/A/IMDPersistence
0x00000002704a7000 	/usr/lib/swift/libswiftAppleArchive.dylib
0x0000000265308000 	/System/Library/PrivateFrameworks/UserSafety.framework/Versions/A/UserSafety
0x00000001d6229000 	/System/Library/PrivateFrameworks/BlastDoor.framework/Versions/A/BlastDoor
0x00000001ee2fd000 	/System/Library/Frameworks/SensitiveContentAnalysis.framework/Versions/A/SensitiveContentAnalysis
0x0000000249c75000 	/System/Library/PrivateFrameworks/LinkPresentationStyleSheetParsing.framework/Versions/A/LinkPresentationStyleSheetParsing
0x00000001b0827000 	/System/Library/PrivateFrameworks/CoreSDB.framework/Versions/A/CoreSDB
0x000000023260d000 	/System/Library/PrivateFrameworks/AskToCore.framework/Versions/A/AskToCore
0x00000001b5611000 	/System/Library/PrivateFrameworks/StoreFoundation.framework/Versions/A/StoreFoundation
0x00000001b447c000 	/System/Library/PrivateFrameworks/ServerInformation.framework/Versions/A/ServerInformation
0x00000001b3eed000 	/System/Library/PrivateFrameworks/Install.framework/Frameworks/DistributionKit.framework/Versions/A/DistributionKit
0x00000001adae4000 	/System/Library/PrivateFrameworks/PackageKit.framework/Versions/A/PackageKit
0x00000001b3f10000 	/System/Library/PrivateFrameworks/OSPersonalization.framework/Versions/A/OSPersonalization
0x00000001b5b7d000 	/System/Library/PrivateFrameworks/BridgeOSSoftwareUpdate.framework/Versions/A/BridgeOSSoftwareUpdate
0x00000001b0ca3000 	/System/Library/PrivateFrameworks/StorageManagement.framework/Versions/A/StorageManagement
0x00000001c4525000 	/usr/lib/libauthinstall.dylib
0x00000001b5b86000 	/System/Library/PrivateFrameworks/InstallerDiagnostics.framework/Versions/A/InstallerDiagnostics
0x00000001c4b58000 	/usr/lib/libcrypto.42.dylib
0x00000001b5b6b000 	/System/Library/PrivateFrameworks/GPUInfo.framework/Versions/A/GPUInfo
0x00000001c331a000 	/System/Library/PrivateFrameworks/MobileActivationMacOS.framework/Versions/A/MobileActivationMacOS
0x000000018f69a000 	/System/Library/Frameworks/Accounts.framework/Versions/A/Accounts
0x00000001b5bca000 	/System/Library/PrivateFrameworks/AOSKit.framework/Versions/A/AOSKit
0x00000001977c6000 	/System/Library/PrivateFrameworks/AppSSOCore.framework/Versions/A/AppSSOCore
0x00000001a18ee000 	/System/Library/PrivateFrameworks/AppSupport.framework/Versions/A/AppSupport
0x00000001afcad000 	/System/Library/Frameworks/AVFoundation.framework/Versions/A/AVFoundation
0x00000001a2164000 	/System/Library/PrivateFrameworks/DuetActivityScheduler.framework/Versions/A/DuetActivityScheduler
0x00000001b07ce000 	/System/Library/PrivateFrameworks/FTServices.framework/Versions/A/FTServices
0x00000001c1941000 	/System/Library/PrivateFrameworks/NetworkServiceProxy.framework/Versions/A/NetworkServiceProxy
0x000000019fddb000 	/System/Library/PrivateFrameworks/Rapport.framework/Versions/A/Rapport
0x0000000260064000 	/System/Library/PrivateFrameworks/Symptoms.framework/Versions/A/Frameworks/SymptomAnalytics.framework/Versions/A/SymptomAnalytics
0x000000019d97b000 	/usr/lib/libnetworkextension.dylib
0x00000001d6ded000 	/System/Library/Frameworks/CryptoKit.framework/Versions/A/CryptoKit
0x00000001a2102000 	/System/Library/PrivateFrameworks/CryptoKitCBridging.framework/Versions/A/CryptoKitCBridging
0x000000019f951000 	/System/Library/Frameworks/CryptoTokenKit.framework/Versions/A/CryptoTokenKit
0x00000001cb042000 	/usr/lib/swift/libswiftCryptoTokenKit.dylib
0x000000019f9b5000 	/System/Library/Frameworks/LocalAuthentication.framework/Versions/A/LocalAuthentication
0x0000000249e4a000 	/System/Library/PrivateFrameworks/LocalAuthenticationCore.framework/Versions/A/LocalAuthenticationCore
0x000000019fa0a000 	/System/Library/Frameworks/LocalAuthentication.framework/Support/SharedUtils.framework/Versions/A/SharedUtils
0x000000019e9de000 	/System/Library/PrivateFrameworks/SymptomDiagnosticReporter.framework/Versions/A/SymptomDiagnosticReporter
0x0000000239a2e000 	/System/Library/PrivateFrameworks/CryptoKitPrivate.framework/Versions/A/CryptoKitPrivate
0x000000019ee03000 	/System/Library/PrivateFrameworks/GenerationalStorage.framework/Versions/A/GenerationalStorage
0x000000019a363000 	/System/Library/PrivateFrameworks/CacheDelete.framework/Versions/A/CacheDelete
0x00000001a2241000 	/System/Library/Frameworks/QuickLookThumbnailing.framework/Versions/A/QuickLookThumbnailing
0x000000019ec35000 	/System/Library/Frameworks/FileProvider.framework/Versions/A/FileProvider
0x000000018d3d8000 	/System/Library/PrivateFrameworks/DesktopServicesPriv.framework/Versions/A/DesktopServicesPriv
0x00000001a52de000 	/System/Library/PrivateFrameworks/AssistantServices.framework/Versions/A/AssistantServices
0x000000019fbde000 	/System/Library/PrivateFrameworks/SAObjects.framework/Versions/A/SAObjects
0x00000001a4f16000 	/System/Library/PrivateFrameworks/MediaRemote.framework/Versions/A/MediaRemote
0x0000000193007000 	/System/Library/Frameworks/CoreLocation.framework/Versions/A/CoreLocation
0x00000001b6021000 	/System/Library/PrivateFrameworks/SiriInstrumentation.framework/Versions/A/SiriInstrumentation
0x0000000257e78000 	/System/Library/PrivateFrameworks/SiriAnalytics.framework/Versions/A/SiriAnalytics
0x000000025da2e000 	/System/Library/PrivateFrameworks/SiriTTSService.framework/Versions/A/SiriTTSService
0x0000000258834000 	/System/Library/PrivateFrameworks/SiriCrossDeviceArbitration.framework/Versions/A/SiriCrossDeviceArbitration
0x00000001b3cba000 	/System/Library/PrivateFrameworks/FeedbackLogger.framework/Versions/A/FeedbackLogger
0x00000001a3177000 	/System/Library/PrivateFrameworks/ProactiveSupport.framework/Versions/A/ProactiveSupport
0x0000000232dba000 	/System/Library/PrivateFrameworks/BiomeLibrary.framework/Versions/A/BiomeLibrary
0x00000001be678000 	/System/Library/PrivateFrameworks/BiomeStreams.framework/Versions/A/BiomeStreams
0x0000000258888000 	/System/Library/PrivateFrameworks/SiriCrossDeviceArbitrationFeedback.framework/Versions/A/SiriCrossDeviceArbitrationFeedback
0x000000024226f000 	/System/Library/PrivateFrameworks/GenerativeModels.framework/Versions/A/GenerativeModels
0x00000001a9a1f000 	/System/Library/PrivateFrameworks/MediaServices.framework/Versions/A/MediaServices
0x000000019ae4d000 	/System/Library/PrivateFrameworks/IDS.framework/Versions/A/IDS
0x0000000197bb3000 	/System/Library/PrivateFrameworks/PersistentConnection.framework/Versions/A/PersistentConnection
0x0000000199ab7000 	/System/Library/PrivateFrameworks/IMFoundation.framework/Versions/A/IMFoundation
0x00000001a9bb3000 	/System/Library/PrivateFrameworks/Marco.framework/Versions/A/Marco
0x000000019b01a000 	/System/Library/PrivateFrameworks/IDSFoundation.framework/Versions/A/IDSFoundation
0x000000018f71f000 	/System/Library/PrivateFrameworks/CommonUtilities.framework/Versions/A/CommonUtilities
0x00000001a68d3000 	/System/Library/PrivateFrameworks/Engram.framework/Versions/A/Engram
0x00000001a6873000 	/usr/lib/libtidy.A.dylib
0x0000000197ef0000 	/System/Library/PrivateFrameworks/Bom.framework/Versions/A/Bom
0x0000000199ebf000 	/usr/lib/libParallelCompression.dylib
0x00000001be161000 	/System/Library/PrivateFrameworks/FTAWD.framework/Versions/A/FTAWD
0x000000019ba47000 	/System/Library/PrivateFrameworks/GeoServices.framework/Versions/A/GeoServices
0x0000000199b31000 	/System/Library/PrivateFrameworks/LocationSupport.framework/Versions/A/LocationSupport
0x0000000242497000 	/System/Library/PrivateFrameworks/GeoServicesCore.framework/Versions/A/GeoServicesCore
0x00000001aa5da000 	/System/Library/PrivateFrameworks/PhoneNumbers.framework/Versions/A/PhoneNumbers
0x0000000239f36000 	/System/Library/PrivateFrameworks/Dendrite.framework/Versions/A/Dendrite
0x0000000232733000 	/System/Library/PrivateFrameworks/AtomicsInternal.framework/Versions/A/AtomicsInternal
0x00000001c4a00000 	/System/Library/PrivateFrameworks/BiomeStorage.framework/Versions/A/BiomeStorage
0x000000024846e000 	/System/Library/PrivateFrameworks/IntelligencePlatformLibrary.framework/Versions/A/IntelligencePlatformLibrary
0x00000002545db000 	/System/Library/PrivateFrameworks/PoirotSchematizer.framework/Versions/A/PoirotSchematizer
0x0000000233454000 	/System/Library/PrivateFrameworks/BiomeSync.framework/Versions/A/BiomeSync
0x0000000232d9b000 	/System/Library/PrivateFrameworks/BiomeFlexibleStorage.framework/Versions/A/BiomeFlexibleStorage
0x00000001bb076000 	/System/Library/PrivateFrameworks/BiomeFoundation.framework/Versions/A/BiomeFoundation
0x0000000232d7f000 	/System/Library/PrivateFrameworks/BiomeDSL.framework/Versions/A/BiomeDSL
0x00000001c49a3000 	/System/Library/PrivateFrameworks/BiomePubSub.framework/Versions/A/BiomePubSub
0x0000000254648000 	/System/Library/PrivateFrameworks/PoirotUDFs.framework/Versions/A/PoirotUDFs
0x00000002545aa000 	/System/Library/PrivateFrameworks/PoirotSQLite.framework/Versions/A/PoirotSQLite
0x00000001a1bf6000 	/System/Library/PrivateFrameworks/InternationalTextSearch.framework/Versions/A/InternationalTextSearch
0x0000000234920000 	/System/Library/PrivateFrameworks/CascadeSets.framework/Versions/A/CascadeSets
0x00000001b7bbf000 	/usr/lib/libtailspin.dylib
0x00000001cab40000 	/System/Library/PrivateFrameworks/Osprey.framework/Versions/A/Osprey
0x000000025d0ad000 	/System/Library/PrivateFrameworks/SiriTTS.framework/Versions/A/SiriTTS
0x00000001b08eb000 	/System/Library/Frameworks/NaturalLanguage.framework/Versions/A/NaturalLanguage
0x000000025bde7000 	/System/Library/PrivateFrameworks/SiriPowerInstrumentation.framework/Versions/A/SiriPowerInstrumentation
0x00000001b1710000 	/System/Library/PrivateFrameworks/Trial.framework/Versions/A/Trial
0x00000001b1692000 	/System/Library/PrivateFrameworks/TrialProto.framework/Versions/A/TrialProto
0x0000000264b7e000 	/System/Library/PrivateFrameworks/UnifiedAssetFramework.framework/Versions/A/UnifiedAssetFramework
0x00000001ccb15000 	/usr/lib/swift/libswiftAVFoundation.dylib
0x00000001b6dc5000 	/usr/lib/swift/libswiftCoreMIDI.dylib
0x00000001cb044000 	/usr/lib/swift/libswiftCoreMedia.dylib
0x00000001dba3c000 	/usr/lib/swift/libswiftNaturalLanguage.dylib
0x00000002609af000 	/System/Library/PrivateFrameworks/TailspinSymbolication.framework/Versions/A/TailspinSymbolication
0x0000000239c45000 	/System/Library/PrivateFrameworks/Darwinup.framework/Versions/A/Darwinup
0x00000001c391b000 	/System/Library/PrivateFrameworks/SignpostSupport.framework/Versions/A/SignpostSupport
0x00000001b07b4000 	/System/Library/PrivateFrameworks/FeatureFlagsSupport.framework/Versions/A/FeatureFlagsSupport
0x00000001c307e000 	/System/Library/PrivateFrameworks/ktrace.framework/Versions/A/ktrace
0x00000001c3b9b000 	/System/Library/PrivateFrameworks/SampleAnalysis.framework/Versions/A/SampleAnalysis
0x00000001cc3db000 	/System/Library/PrivateFrameworks/kperfdata.framework/Versions/A/kperfdata
0x000000019b928000 	/usr/lib/libdscsym.dylib
0x00000001cc873000 	/System/Library/PrivateFrameworks/BulkSymbolication.framework/Versions/A/BulkSymbolication
0x00000001a228d000 	/System/Library/PrivateFrameworks/Espresso.framework/Versions/A/Espresso
0x0000000191cb0000 	/System/Library/Frameworks/CoreML.framework/Versions/A/CoreML
0x00000001d9d16000 	/usr/lib/libedit.3.dylib
0x00000001e58ea000 	/System/Library/PrivateFrameworks/ANECompiler.framework/Versions/A/ANECompiler
0x00000001a4273000 	/System/Library/PrivateFrameworks/AppleNeuralEngine.framework/Versions/A/AppleNeuralEngine
0x00000001ebb89000 	/System/Library/Frameworks/MetalPerformanceShadersGraph.framework/Versions/A/MetalPerformanceShadersGraph
0x000000024a942000 	/System/Library/PrivateFrameworks/MLCompilerServices.framework/Versions/A/MLCompilerServices
0x00000001a3149000 	/System/Library/PrivateFrameworks/ANEServices.framework/Versions/A/ANEServices
0x00000001b593f000 	/usr/lib/libncurses.5.4.dylib
0x000000018bd24000 	/usr/lib/libsandbox.1.dylib
0x0000000197948000 	/usr/lib/libMatch.1.dylib
0x000000024a8e6000 	/System/Library/PrivateFrameworks/MLCompilerRuntime.framework/Versions/A/MLCompilerRuntime
0x000000019571d000 	/System/Library/Frameworks/MLCompute.framework/Versions/A/MLCompute
0x000000024a795000 	/System/Library/PrivateFrameworks/MLAssetIO.framework/Versions/A/MLAssetIO
0x00000002704e9000 	/usr/lib/swift/libswiftMLCompute.dylib
0x000000019f544000 	/System/Library/PrivateFrameworks/AVFCore.framework/Versions/A/AVFCore
0x00000001a830e000 	/System/Library/PrivateFrameworks/AVFCapture.framework/Versions/A/AVFCapture
0x0000000234035000 	/System/Library/PrivateFrameworks/CMImaging.framework/Versions/A/CMImaging
0x00000001a8526000 	/System/Library/PrivateFrameworks/Quagga.framework/Versions/A/Quagga
0x00000001a8659000 	/System/Library/PrivateFrameworks/CMCapture.framework/Versions/A/CMCapture
0x0000000199f93000 	/System/Library/Frameworks/CoreMediaIO.framework/Versions/A/CoreMediaIO
0x0000000233f6b000 	/System/Library/PrivateFrameworks/CMCaptureDevice.framework/Versions/A/CMCaptureDevice
0x0000000234d5b000 	/System/Library/PrivateFrameworks/CinematicFraming.framework/Versions/A/CinematicFraming
0x00000001af8d6000 	/System/Library/Frameworks/CoreMotion.framework/Versions/A/CoreMotion
0x00000001be5fa000 	/System/Library/PrivateFrameworks/TimeSync.framework/Versions/A/TimeSync
0x000000023a4cd000 	/System/Library/PrivateFrameworks/DistributedSensing.framework/Versions/A/DistributedSensing
0x00000001ba4c9000 	/System/Library/PrivateFrameworks/MobileBluetooth.framework/Versions/A/MobileBluetooth
0x00000001c00bc000 	/System/Library/PrivateFrameworks/IOKitten.framework/Versions/A/IOKitten
0x000000018a1f5000 	/System/Library/PrivateFrameworks/LanguageModeling.framework/Versions/A/LanguageModeling
0x000000018ed61000 	/System/Library/PrivateFrameworks/Montreal.framework/Versions/A/Montreal
0x000000019604b000 	/usr/lib/libcmph.dylib
0x0000000242331000 	/System/Library/PrivateFrameworks/GenerativeModelsFoundation.framework/Versions/A/GenerativeModelsFoundation
0x0000000262f45000 	/System/Library/PrivateFrameworks/TokenGeneration.framework/Versions/A/TokenGeneration
0x0000000242108000 	/System/Library/PrivateFrameworks/GenerativeFunctions.framework/Versions/A/GenerativeFunctions
0x0000000242159000 	/System/Library/PrivateFrameworks/GenerativeFunctionsFoundation.framework/Versions/A/GenerativeFunctionsFoundation
0x000000024d6e9000 	/System/Library/PrivateFrameworks/ModelCatalog.framework/Versions/A/ModelCatalog
0x0000000257775000 	/System/Library/PrivateFrameworks/SensitiveContentAnalysisML.framework/Versions/A/SensitiveContentAnalysisML
0x0000000242208000 	/System/Library/PrivateFrameworks/GenerativeFunctionsInstrumentation.framework/Versions/A/GenerativeFunctionsInstrumentation
0x000000025566d000 	/System/Library/PrivateFrameworks/PromptKit.framework/Versions/A/PromptKit
0x0000000255197000 	/System/Library/PrivateFrameworks/ProactiveDaemonSupport.framework/Versions/A/ProactiveDaemonSupport
0x00000002630fd000 	/System/Library/PrivateFrameworks/TokenGenerationCore.framework/Versions/A/TokenGenerationCore
0x00000002661f5000 	/System/Library/PrivateFrameworks/VectorSearch.framework/Versions/A/VectorSearch
0x000000024d9ae000 	/System/Library/PrivateFrameworks/ModelManagerServices.framework/Versions/A/ModelManagerServices
0x0000000231695000 	/System/Library/PrivateFrameworks/AppleFlatBuffers.framework/Versions/A/AppleFlatBuffers
0x00000001a1cc1000 	/System/Library/PrivateFrameworks/AppleAccount.framework/Versions/A/AppleAccount
0x00000001a9fc9000 	/System/Library/PrivateFrameworks/ProactiveEventTracker.framework/Versions/A/ProactiveEventTracker
0x000000022e28f000 	/System/Library/PrivateFrameworks/AAAFoundation.framework/Versions/A/AAAFoundation
0x00000001917ae000 	/System/Library/PrivateFrameworks/ApplePushService.framework/Versions/A/ApplePushService
0x0000000195b1c000 	/System/Library/PrivateFrameworks/AuthKit.framework/Versions/A/AuthKit
0x000000022e2ab000 	/System/Library/PrivateFrameworks/AAAFoundationSwift.framework/Versions/A/AAAFoundationSwift
0x00000001a1f16000 	/System/Library/PrivateFrameworks/AppleIDSSOAuthentication.framework/Versions/A/AppleIDSSOAuthentication
0x00000001bd8ec000 	/usr/lib/swift/libswiftCompression.dylib
0x00000001c5f6f000 	/System/Library/PrivateFrameworks/DeviceIdentity.framework/Versions/A/DeviceIdentity
0x0000000199eb1000 	/System/Library/PrivateFrameworks/MultiverseSupport.framework/Versions/A/MultiverseSupport
0x000000019eb11000 	/System/Library/PrivateFrameworks/DiskManagement.framework/Versions/A/DiskManagement
0x000000019ea1d000 	/System/Library/PrivateFrameworks/AppleIDAuthSupport.framework/Versions/A/AppleIDAuthSupport
0x000000019a3af000 	/System/Library/PrivateFrameworks/KeychainCircle.framework/Versions/A/KeychainCircle
0x00000001aa5dc000 	/System/Library/PrivateFrameworks/URLFormatting.framework/Versions/A/URLFormatting
0x00000001a185a000 	/usr/lib/libcsfde.dylib
0x0000000197950000 	/usr/lib/libCoreStorage.dylib
0x000000019b76e000 	/System/Library/PrivateFrameworks/ProtectedCloudStorage.framework/Versions/A/ProtectedCloudStorage
0x00000001a1855000 	/System/Library/PrivateFrameworks/EFILogin.framework/Versions/A/EFILogin
0x00000001a9884000 	/System/Library/PrivateFrameworks/CloudServices.framework/Versions/A/CloudServices
0x000000019ee2a000 	/System/Library/PrivateFrameworks/OctagonTrust.framework/Versions/A/OctagonTrust
0x0000000257900000 	/System/Library/PrivateFrameworks/SentencePieceInternal.framework/Versions/A/SentencePieceInternal
0x000000019dda9000 	/System/Library/Frameworks/Vision.framework/Versions/A/Vision
0x0000000239699000 	/System/Library/PrivateFrameworks/CoreSceneUnderstanding.framework/Versions/A/CoreSceneUnderstanding
0x0000000266d80000 	/System/Library/PrivateFrameworks/VisionCore.framework/Versions/A/VisionCore
0x00000001b94c0000 	/System/Library/Frameworks/Vision.framework/libfaceCore.dylib
0x00000001b9fba000 	/System/Library/PrivateFrameworks/Futhark.framework/Versions/A/Futhark
0x00000001bd6b4000 	/System/Library/PrivateFrameworks/InertiaCam.framework/Versions/A/InertiaCam
0x00000001b9d6d000 	/System/Library/PrivateFrameworks/TextRecognition.framework/Versions/A/TextRecognition
0x00000001977e6000 	/System/Library/PrivateFrameworks/CVNLP.framework/Versions/A/CVNLP
0x0000000240e8a000 	/System/Library/PrivateFrameworks/GRDBInternal.framework/Versions/A/GRDBInternal
0x00000001b6daf000 	/usr/lib/swift/libswiftCoreLocation.dylib
0x000000019b2ae000 	/System/Library/PrivateFrameworks/Sharing.framework/Versions/A/Sharing
0x00000001a1219000 	/System/Library/PrivateFrameworks/Apple80211.framework/Versions/A/Apple80211
0x00000001950d7000 	/System/Library/Frameworks/CoreWLAN.framework/Versions/A/CoreWLAN
0x00000001afed8000 	/System/Library/PrivateFrameworks/FindMyDevice.framework/Versions/A/FindMyDevice
0x00000001a59e9000 	/System/Library/PrivateFrameworks/FMCoreLite.framework/Versions/A/FMCoreLite
0x000000018d643000 	/System/Library/PrivateFrameworks/CoreDuet.framework/Versions/A/CoreDuet
0x00000001a0b73000 	/System/Library/PrivateFrameworks/CoreDuetContext.framework/Versions/A/CoreDuetContext
0x0000000191816000 	/System/Library/Frameworks/CloudKit.framework/Versions/A/CloudKit
0x00000001a0bc9000 	/System/Library/Frameworks/Intents.framework/Versions/A/Intents
0x00000001a32f1000 	/System/Library/PrivateFrameworks/CoreDuetDaemonProtocol.framework/Versions/A/CoreDuetDaemonProtocol
0x00000001ee3bd000 	/System/Library/Frameworks/SharedWithYouCore.framework/Versions/A/SharedWithYouCore
0x00000001a21e7000 	/System/Library/PrivateFrameworks/C2.framework/Versions/A/C2
0x0000000235109000 	/System/Library/PrivateFrameworks/CloudAssets.framework/Versions/A/CloudAssets
0x00000001a21de000 	/System/Library/Frameworks/PushKit.framework/Versions/A/PushKit
0x00000001a3fe1000 	/System/Library/PrivateFrameworks/RTCReporting.framework/Versions/A/RTCReporting
0x00000001a21cd000 	/System/Library/PrivateFrameworks/IntentsFoundation.framework/Versions/A/IntentsFoundation
0x000000019abd6000 	/System/Library/Frameworks/NetworkExtension.framework/Versions/A/NetworkExtension
0x00000001b54c0000 	/System/Library/PrivateFrameworks/CaptiveNetwork.framework/Versions/A/CaptiveNetwork
0x00000001a1766000 	/System/Library/PrivateFrameworks/EAP8021X.framework/Versions/A/EAP8021X
0x00000001c3b67000 	/System/Library/PrivateFrameworks/UIKitServices.framework/Versions/A/UIKitServices
0x0000000135c68000 	/System/Library/Extensions/AGXMetalG14G.bundle/Contents/MacOS/AGXMetalG14G
0x00000001a98d1000 	/System/Library/PrivateFrameworks/IOGPU.framework/Versions/A/IOGPU
0x0000000134ce8000 	/private/var/folders/jm/2wk6x5v562z51nc9xkw74z7h0000gn/T/processing701935888312645269different/libDifferent.jnilib
0x0000000134d4c000 	/Library/Java/JavaVirtualMachines/temurin-25.jdk/Contents/Home/lib/libosxui.dylib
0x00000001350a8000 	/Library/Java/JavaVirtualMachines/temurin-25.jdk/Contents/Home/lib/libmanagement.dylib
0x00000001350bc000 	/Library/Java/JavaVirtualMachines/temurin-25.jdk/Contents/Home/lib/libmanagement_ext.dylib
0x0000000260f6a000 	/System/Library/PrivateFrameworks/TextInputUI.framework/Versions/A/TextInputUI
0x0000000260f8e000 	/System/Library/PrivateFrameworks/TextInputUIMacHelper.framework/Versions/A/TextInputUIMacHelper
0x0000000256d94000 	/System/Library/PrivateFrameworks/Sage.framework/Versions/A/Sage
0x00000001393bc000 	/Library/Java/JavaVirtualMachines/temurin-25.jdk/Contents/Home/lib/libsyslookup.dylib

JVMTI agents: none


VM Arguments:
jvm_args: --enable-preview -XX:+ShowCodeDetailsInExceptionMessages 
java_command: App
java_class_path (initial): /Users/tobiaskorn/Desktop/cards-main/bin:/Users/tobiaskorn/Desktop/cards-main/lib/core.jar
Launcher Type: SUN_STANDARD

[Global flags]
     intx CICompilerCount                          = 4                                         {product} {ergonomic}
     uint ConcGCThreads                            = 2                                         {product} {ergonomic}
     uint G1ConcRefinementThreads                  = 8                                         {product} {ergonomic}
   size_t G1HeapRegionSize                         = 1048576                                   {product} {ergonomic}
   size_t InitialHeapSize                          = 134217728                                 {product} {ergonomic}
   size_t MarkStackSize                            = 4194304                                   {product} {ergonomic}
   size_t MarkStackSizeMax                         = 536870912                                 {product} {ergonomic}
   size_t MaxHeapSize                              = 2147483648                                {product} {ergonomic}
   size_t MaxNewSize                               = 1287651328                                {product} {ergonomic}
   size_t MinHeapDeltaBytes                        = 1048576                                   {product} {ergonomic}
   size_t MinHeapSize                              = 8388608                                   {product} {ergonomic}
    uintx NonNMethodCodeHeapSize                   = 5832704                                {pd product} {ergonomic}
    uintx NonProfiledCodeHeapSize                  = 122929152                              {pd product} {ergonomic}
    uintx ProfiledCodeHeapSize                     = 122896384                              {pd product} {ergonomic}
    uintx ReservedCodeCacheSize                    = 251658240                              {pd product} {ergonomic}
     bool SegmentedCodeCache                       = true                                      {product} {ergonomic}
     bool ShowCodeDetailsInExceptionMessages       = true                                   {manageable} {command line}
   size_t SoftMaxHeapSize                          = 2147483648                             {manageable} {ergonomic}
     bool UseCompressedOops                        = true                           {product lp64_product} {ergonomic}
     bool UseG1GC                                  = true                                      {product} {ergonomic}
     bool UseNUMA                                  = false                                     {product} {ergonomic}
     bool UseNUMAInterleaving                      = false                                     {product} {ergonomic}

Logging:
Log output configuration:
 #0: stdout all=warning uptime,level,tags foldmultilines=false
 #1: stderr all=off uptime,level,tags foldmultilines=false

Release file:
IMPLEMENTOR="Eclipse Adoptium"
IMPLEMENTOR_VERSION="Temurin-25+36"
JAVA_RUNTIME_VERSION="25+36-LTS"
JAVA_VERSION="25"
JAVA_VERSION_DATE="2025-09-16"
LIBC="default"
MODULES="java.base java.compiler java.datatransfer java.xml java.prefs java.desktop java.instrument java.logging java.management java.security.sasl java.naming java.rmi java.management.rmi java.net.http java.scripting java.security.jgss java.transaction.xa java.sql java.sql.rowset java.xml.crypto java.se java.smartcardio jdk.accessibility jdk.internal.jvmstat jdk.attach jdk.charsets jdk.internal.opt jdk.zipfs jdk.compiler jdk.crypto.cryptoki jdk.crypto.ec jdk.dynalink jdk.internal.ed jdk.editpad jdk.internal.vm.ci jdk.graal.compiler jdk.graal.compiler.management jdk.hotspot.agent jdk.httpserver jdk.incubator.vector jdk.internal.le jdk.internal.md jdk.jartool jdk.javadoc jdk.jcmd jdk.management jdk.management.agent jdk.jconsole jdk.jdeps jdk.jdwp.agent jdk.jdi jdk.jfr jdk.jlink jdk.jpackage jdk.jshell jdk.jsobject jdk.jstatd jdk.localedata jdk.management.jfr jdk.naming.dns jdk.naming.rmi jdk.net jdk.nio.mapmode jdk.sctp jdk.security.auth jdk.security.jgss jdk.unsupported jdk.unsupported.desktop jdk.xml.dom"
OS_ARCH="aarch64"
OS_NAME="Darwin"
SOURCE=".:git:ef82ae723551"
BUILD_SOURCE="git:b7337f50fb2a765519e79674ae790c2a7450149e"
BUILD_SOURCE_REPO="https://github.com/adoptium/temurin-build.git"
SOURCE_REPO="https://github.com/adoptium/jdk.git"
FULL_VERSION="25+36-LTS"
SEMANTIC_VERSION="25+36"
BUILD_INFO="OS: macOS Version: 14.7.7 23H723"
JVM_VARIANT="Hotspot"
JVM_VERSION="25+36-LTS"
IMAGE_TYPE="JDK"

Environment Variables:
PATH=/Users/tobiaskorn/.nvm/versions/node/v24.7.0/bin:/Library/Frameworks/Python.framework/Versions/3.13/bin:/usr/local/bin:/System/Cryptexes/App/usr/bin:/usr/bin:/bin:/usr/sbin:/sbin:/var/run/com.apple.security.cryptexd/codex.system/bootstrap/usr/local/bin:/var/run/com.apple.security.cryptexd/codex.system/bootstrap/usr/bin:/var/run/com.apple.security.cryptexd/codex.system/bootstrap/usr/appleinternal/bin:/opt/homebrew/bin:/Users/tobiaskorn/.nvm/versions/node/v24.7.0/bin:/Library/Frameworks/Python.framework/Versions/3.13/bin:/Users/tobiaskorn/.vscode/extensions/vscjava.vscode-java-debug-0.58.5/bundled/scripts/noConfigScripts
SHELL=/bin/zsh
LANG=en_US.UTF-8
TERM=xterm-256color
TMPDIR=/var/folders/jm/2wk6x5v562z51nc9xkw74z7h0000gn/T/

Active Locale:
LC_ALL=en_US.UTF-8
LC_COLLATE=en_US.UTF-8
LC_CTYPE=en_US.UTF-8
LC_MESSAGES=en_US.UTF-8
LC_MONETARY=en_US.UTF-8
LC_NUMERIC=en_US.UTF-8
LC_TIME=en_US.UTF-8

Signal Handlers:
   SIGSEGV: crash_handler in libjvm.dylib, mask=11100110000111110111111111111111, flags=SA_ONSTACK|SA_RESTART|SA_SIGINFO, unblocked
    SIGBUS: crash_handler in libjvm.dylib, mask=11100110000111110111111111111111, flags=SA_RESTART|SA_SIGINFO, unblocked
    SIGFPE: crash_handler in libjvm.dylib, mask=11100110000111110111111111111111, flags=SA_RESTART|SA_SIGINFO, unblocked
   SIGPIPE: javaSignalHandler in libjvm.dylib, mask=11100110000111110111111111111111, flags=SA_RESTART|SA_SIGINFO, blocked
   SIGXFSZ: javaSignalHandler in libjvm.dylib, mask=11100110000111110111111111111111, flags=SA_RESTART|SA_SIGINFO, blocked
    SIGILL: crash_handler in libjvm.dylib, mask=11100110000111110111111111111111, flags=SA_RESTART|SA_SIGINFO, unblocked
   SIGUSR2: SR_handler in libjvm.dylib, mask=00000000000000000000000000000000, flags=SA_RESTART|SA_SIGINFO, blocked
    SIGHUP: UserHandler in libjvm.dylib, mask=11100110000111110111111111111111, flags=SA_RESTART|SA_SIGINFO, blocked
    SIGINT: UserHandler in libjvm.dylib, mask=11100110000111110111111111111111, flags=SA_RESTART|SA_SIGINFO, blocked
   SIGTERM: UserHandler in libjvm.dylib, mask=11100110000111110111111111111111, flags=SA_RESTART|SA_SIGINFO, blocked
   SIGQUIT: UserHandler in libjvm.dylib, mask=11100110000111110111111111111111, flags=SA_RESTART|SA_SIGINFO, blocked
   SIGTRAP: crash_handler in libjvm.dylib, mask=11100110000111110111111111111111, flags=SA_RESTART|SA_SIGINFO, unblocked


Compilation memory statistics disabled.

Periodic native trim disabled

---------------  S Y S T E M  ---------------

OS:
uname: Darwin 24.6.0 Darwin Kernel Version 24.6.0: Mon Jul 14 11:30:51 PDT 2025; root:xnu-11417.140.69~1/RELEASE_ARM64_T8112 arm64
OS uptime: 0 days 19:50 hours
rlimit (soft/hard): STACK 8176k/65520k , CORE 0k/infinity , NPROC 1333/2000 , NOFILE 1048576/infinity , AS infinity/infinity , CPU infinity/infinity , DATA infinity/infinity , FSIZE infinity/infinity , MEMLOCK infinity/infinity , RSS infinity/infinity
load average: 14.75 8.82 5.43

CPU: total 8 (initial active 8) 0x61:0x0:0xda33d83d:0, fp, asimd, aes, pmull, sha1, sha256, crc32, lse, sha3, sha512
machdep.cpu.brand_string:Apple M2
hw.cachelinesize:128
hw.l1icachesize:131072
hw.l1dcachesize:65536
hw.l2cachesize:4194304

Memory: 16k page, physical 8388608k(19984k free), swap 3145728k(1137728k free)

vm_info: OpenJDK 64-Bit Server VM (25+36-LTS) for bsd-aarch64 JRE (25+36-LTS), built on 2025-09-16T00:00:00Z with clang Apple LLVM 15.0.0 (clang-1500.1.0.2.5)

END.
